id,Status_C,Status_CL,Status_D
7905,1,1,1
7906,1,1,1
7907,1,1,1
7908,1,1,1
7909,1,1,1
7910,1,1,1
7911,1,1,1
7912,1,1,1
7913,1,1,1
7914,1,1,1
7915,1,1,1
7916,1,1,1
7917,1,1,1
7918,1,1,1
7919,1,1,1
7920,1,1,1
7921,1,1,1
7922,1,1,1
7923,1,1,1
7924,1,1,1
7925,1,1,1
7926,1,1,1
7927,1,1,1
7928,1,1,1
7929,1,1,1
7930,1,1,1
7931,1,1,1
7932,1,1,1
7933,1,1,1
7934,1,1,1
7935,1,1,1
7936,1,1,1
7937,1,1,1
7938,1,1,1
7939,1,1,1
7940,1,1,1
7941,1,1,1
7942,1,1,1
7943,1,1,1
7944,1,1,1
7945,1,1,1
7946,1,1,1
7947,1,1,1
7948,1,1,1
7949,1,1,1
7950,1,1,1
7951,1,1,1
7952,1,1,1
7953,1,1,1
7954,1,1,1
7955,1,1,1
7956,1,1,1
7957,1,1,1
7958,1,1,1
7959,1,1,1
7960,1,1,1
7961,1,1,1
7962,1,1,1
7963,1,1,1
7964,1,1,1
7965,1,1,1
7966,1,1,1
7967,1,1,1
7968,1,1,1
7969,1,1,1
7970,1,1,1
7971,1,1,1
7972,1,1,1
7973,1,1,1
7974,1,1,1
7975,1,1,1
7976,1,1,1
7977,1,1,1
7978,1,1,1
7979,1,1,1
7980,1,1,1
7981,1,1,1
7982,1,1,1
7983,1,1,1
7984,1,1,1
7985,1,1,1
7986,1,1,1
7987,1,1,1
7988,1,1,1
7989,1,1,1
7990,1,1,1
7991,1,1,1
7992,1,1,1
7993,1,1,1
7994,1,1,1
7995,1,1,1
7996,1,1,1
7997,1,1,1
7998,1,1,1
7999,1,1,1
8000,1,1,1
8001,1,1,1
8002,1,1,1
8003,1,1,1
8004,1,1,1
8005,1,1,1
8006,1,1,1
8007,1,1,1
8008,1,1,1
8009,1,1,1
8010,1,1,1
8011,1,1,1
8012,1,1,1
8013,1,1,1
8014,1,1,1
8015,1,1,1
8016,1,1,1
8017,1,1,1
8018,1,1,1
8019,1,1,1
8020,1,1,1
8021,1,1,1
8022,1,1,1
8023,1,1,1
8024,1,1,1
8025,1,1,1
8026,1,1,1
8027,1,1,1
8028,1,1,1
8029,1,1,1
8030,1,1,1
8031,1,1,1
8032,1,1,1
8033,1,1,1
8034,1,1,1
8035,1,1,1
8036,1,1,1
8037,1,1,1
8038,1,1,1
8039,1,1,1
8040,1,1,1
8041,1,1,1
8042,1,1,1
8043,1,1,1
8044,1,1,1
8045,1,1,1
8046,1,1,1
8047,1,1,1
8048,1,1,1
8049,1,1,1
8050,1,1,1
8051,1,1,1
8052,1,1,1
8053,1,1,1
8054,1,1,1
8055,1,1,1
8056,1,1,1
8057,1,1,1
8058,1,1,1
8059,1,1,1
8060,1,1,1
8061,1,1,1
8062,1,1,1
8063,1,1,1
8064,1,1,1
8065,1,1,1
8066,1,1,1
8067,1,1,1
8068,1,1,1
8069,1,1,1
8070,1,1,1
8071,1,1,1
8072,1,1,1
8073,1,1,1
8074,1,1,1
8075,1,1,1
8076,1,1,1
8077,1,1,1
8078,1,1,1
8079,1,1,1
8080,1,1,1
8081,1,1,1
8082,1,1,1
8083,1,1,1
8084,1,1,1
8085,1,1,1
8086,1,1,1
8087,1,1,1
8088,1,1,1
8089,1,1,1
8090,1,1,1
8091,1,1,1
8092,1,1,1
8093,1,1,1
8094,1,1,1
8095,1,1,1
8096,1,1,1
8097,1,1,1
8098,1,1,1
8099,1,1,1
8100,1,1,1
8101,1,1,1
8102,1,1,1
8103,1,1,1
8104,1,1,1
8105,1,1,1
8106,1,1,1
8107,1,1,1
8108,1,1,1
8109,1,1,1
8110,1,1,1
8111,1,1,1
8112,1,1,1
8113,1,1,1
8114,1,1,1
8115,1,1,1
8116,1,1,1
8117,1,1,1
8118,1,1,1
8119,1,1,1
8120,1,1,1
8121,1,1,1
8122,1,1,1
8123,1,1,1
8124,1,1,1
8125,1,1,1
8126,1,1,1
8127,1,1,1
8128,1,1,1
8129,1,1,1
8130,1,1,1
8131,1,1,1
8132,1,1,1
8133,1,1,1
8134,1,1,1
8135,1,1,1
8136,1,1,1
8137,1,1,1
8138,1,1,1
8139,1,1,1
8140,1,1,1
8141,1,1,1
8142,1,1,1
8143,1,1,1
8144,1,1,1
8145,1,1,1
8146,1,1,1
8147,1,1,1
8148,1,1,1
8149,1,1,1
8150,1,1,1
8151,1,1,1
8152,1,1,1
8153,1,1,1
8154,1,1,1
8155,1,1,1
8156,1,1,1
8157,1,1,1
8158,1,1,1
8159,1,1,1
8160,1,1,1
8161,1,1,1
8162,1,1,1
8163,1,1,1
8164,1,1,1
8165,1,1,1
8166,1,1,1
8167,1,1,1
8168,1,1,1
8169,1,1,1
8170,1,1,1
8171,1,1,1
8172,1,1,1
8173,1,1,1
8174,1,1,1
8175,1,1,1
8176,1,1,1
8177,1,1,1
8178,1,1,1
8179,1,1,1
8180,1,1,1
8181,1,1,1
8182,1,1,1
8183,1,1,1
8184,1,1,1
8185,1,1,1
8186,1,1,1
8187,1,1,1
8188,1,1,1
8189,1,1,1
8190,1,1,1
8191,1,1,1
8192,1,1,1
8193,1,1,1
8194,1,1,1
8195,1,1,1
8196,1,1,1
8197,1,1,1
8198,1,1,1
8199,1,1,1
8200,1,1,1
8201,1,1,1
8202,1,1,1
8203,1,1,1
8204,1,1,1
8205,1,1,1
8206,1,1,1
8207,1,1,1
8208,1,1,1
8209,1,1,1
8210,1,1,1
8211,1,1,1
8212,1,1,1
8213,1,1,1
8214,1,1,1
8215,1,1,1
8216,1,1,1
8217,1,1,1
8218,1,1,1
8219,1,1,1
8220,1,1,1
8221,1,1,1
8222,1,1,1
8223,1,1,1
8224,1,1,1
8225,1,1,1
8226,1,1,1
8227,1,1,1
8228,1,1,1
8229,1,1,1
8230,1,1,1
8231,1,1,1
8232,1,1,1
8233,1,1,1
8234,1,1,1
8235,1,1,1
8236,1,1,1
8237,1,1,1
8238,1,1,1
8239,1,1,1
8240,1,1,1
8241,1,1,1
8242,1,1,1
8243,1,1,1
8244,1,1,1
8245,1,1,1
8246,1,1,1
8247,1,1,1
8248,1,1,1
8249,1,1,1
8250,1,1,1
8251,1,1,1
8252,1,1,1
8253,1,1,1
8254,1,1,1
8255,1,1,1
8256,1,1,1
8257,1,1,1
8258,1,1,1
8259,1,1,1
8260,1,1,1
8261,1,1,1
8262,1,1,1
8263,1,1,1
8264,1,1,1
8265,1,1,1
8266,1,1,1
8267,1,1,1
8268,1,1,1
8269,1,1,1
8270,1,1,1
8271,1,1,1
8272,1,1,1
8273,1,1,1
8274,1,1,1
8275,1,1,1
8276,1,1,1
8277,1,1,1
8278,1,1,1
8279,1,1,1
8280,1,1,1
8281,1,1,1
8282,1,1,1
8283,1,1,1
8284,1,1,1
8285,1,1,1
8286,1,1,1
8287,1,1,1
8288,1,1,1
8289,1,1,1
8290,1,1,1
8291,1,1,1
8292,1,1,1
8293,1,1,1
8294,1,1,1
8295,1,1,1
8296,1,1,1
8297,1,1,1
8298,1,1,1
8299,1,1,1
8300,1,1,1
8301,1,1,1
8302,1,1,1
8303,1,1,1
8304,1,1,1
8305,1,1,1
8306,1,1,1
8307,1,1,1
8308,1,1,1
8309,1,1,1
8310,1,1,1
8311,1,1,1
8312,1,1,1
8313,1,1,1
8314,1,1,1
8315,1,1,1
8316,1,1,1
8317,1,1,1
8318,1,1,1
8319,1,1,1
8320,1,1,1
8321,1,1,1
8322,1,1,1
8323,1,1,1
8324,1,1,1
8325,1,1,1
8326,1,1,1
8327,1,1,1
8328,1,1,1
8329,1,1,1
8330,1,1,1
8331,1,1,1
8332,1,1,1
8333,1,1,1
8334,1,1,1
8335,1,1,1
8336,1,1,1
8337,1,1,1
8338,1,1,1
8339,1,1,1
8340,1,1,1
8341,1,1,1
8342,1,1,1
8343,1,1,1
8344,1,1,1
8345,1,1,1
8346,1,1,1
8347,1,1,1
8348,1,1,1
8349,1,1,1
8350,1,1,1
8351,1,1,1
8352,1,1,1
8353,1,1,1
8354,1,1,1
8355,1,1,1
8356,1,1,1
8357,1,1,1
8358,1,1,1
8359,1,1,1
8360,1,1,1
8361,1,1,1
8362,1,1,1
8363,1,1,1
8364,1,1,1
8365,1,1,1
8366,1,1,1
8367,1,1,1
8368,1,1,1
8369,1,1,1
8370,1,1,1
8371,1,1,1
8372,1,1,1
8373,1,1,1
8374,1,1,1
8375,1,1,1
8376,1,1,1
8377,1,1,1
8378,1,1,1
8379,1,1,1
8380,1,1,1
8381,1,1,1
8382,1,1,1
8383,1,1,1
8384,1,1,1
8385,1,1,1
8386,1,1,1
8387,1,1,1
8388,1,1,1
8389,1,1,1
8390,1,1,1
8391,1,1,1
8392,1,1,1
8393,1,1,1
8394,1,1,1
8395,1,1,1
8396,1,1,1
8397,1,1,1
8398,1,1,1
8399,1,1,1
8400,1,1,1
8401,1,1,1
8402,1,1,1
8403,1,1,1
8404,1,1,1
8405,1,1,1
8406,1,1,1
8407,1,1,1
8408,1,1,1
8409,1,1,1
8410,1,1,1
8411,1,1,1
8412,1,1,1
8413,1,1,1
8414,1,1,1
8415,1,1,1
8416,1,1,1
8417,1,1,1
8418,1,1,1
8419,1,1,1
8420,1,1,1
8421,1,1,1
8422,1,1,1
8423,1,1,1
8424,1,1,1
8425,1,1,1
8426,1,1,1
8427,1,1,1
8428,1,1,1
8429,1,1,1
8430,1,1,1
8431,1,1,1
8432,1,1,1
8433,1,1,1
8434,1,1,1
8435,1,1,1
8436,1,1,1
8437,1,1,1
8438,1,1,1
8439,1,1,1
8440,1,1,1
8441,1,1,1
8442,1,1,1
8443,1,1,1
8444,1,1,1
8445,1,1,1
8446,1,1,1
8447,1,1,1
8448,1,1,1
8449,1,1,1
8450,1,1,1
8451,1,1,1
8452,1,1,1
8453,1,1,1
8454,1,1,1
8455,1,1,1
8456,1,1,1
8457,1,1,1
8458,1,1,1
8459,1,1,1
8460,1,1,1
8461,1,1,1
8462,1,1,1
8463,1,1,1
8464,1,1,1
8465,1,1,1
8466,1,1,1
8467,1,1,1
8468,1,1,1
8469,1,1,1
8470,1,1,1
8471,1,1,1
8472,1,1,1
8473,1,1,1
8474,1,1,1
8475,1,1,1
8476,1,1,1
8477,1,1,1
8478,1,1,1
8479,1,1,1
8480,1,1,1
8481,1,1,1
8482,1,1,1
8483,1,1,1
8484,1,1,1
8485,1,1,1
8486,1,1,1
8487,1,1,1
8488,1,1,1
8489,1,1,1
8490,1,1,1
8491,1,1,1
8492,1,1,1
8493,1,1,1
8494,1,1,1
8495,1,1,1
8496,1,1,1
8497,1,1,1
8498,1,1,1
8499,1,1,1
8500,1,1,1
8501,1,1,1
8502,1,1,1
8503,1,1,1
8504,1,1,1
8505,1,1,1
8506,1,1,1
8507,1,1,1
8508,1,1,1
8509,1,1,1
8510,1,1,1
8511,1,1,1
8512,1,1,1
8513,1,1,1
8514,1,1,1
8515,1,1,1
8516,1,1,1
8517,1,1,1
8518,1,1,1
8519,1,1,1
8520,1,1,1
8521,1,1,1
8522,1,1,1
8523,1,1,1
8524,1,1,1
8525,1,1,1
8526,1,1,1
8527,1,1,1
8528,1,1,1
8529,1,1,1
8530,1,1,1
8531,1,1,1
8532,1,1,1
8533,1,1,1
8534,1,1,1
8535,1,1,1
8536,1,1,1
8537,1,1,1
8538,1,1,1
8539,1,1,1
8540,1,1,1
8541,1,1,1
8542,1,1,1
8543,1,1,1
8544,1,1,1
8545,1,1,1
8546,1,1,1
8547,1,1,1
8548,1,1,1
8549,1,1,1
8550,1,1,1
8551,1,1,1
8552,1,1,1
8553,1,1,1
8554,1,1,1
8555,1,1,1
8556,1,1,1
8557,1,1,1
8558,1,1,1
8559,1,1,1
8560,1,1,1
8561,1,1,1
8562,1,1,1
8563,1,1,1
8564,1,1,1
8565,1,1,1
8566,1,1,1
8567,1,1,1
8568,1,1,1
8569,1,1,1
8570,1,1,1
8571,1,1,1
8572,1,1,1
8573,1,1,1
8574,1,1,1
8575,1,1,1
8576,1,1,1
8577,1,1,1
8578,1,1,1
8579,1,1,1
8580,1,1,1
8581,1,1,1
8582,1,1,1
8583,1,1,1
8584,1,1,1
8585,1,1,1
8586,1,1,1
8587,1,1,1
8588,1,1,1
8589,1,1,1
8590,1,1,1
8591,1,1,1
8592,1,1,1
8593,1,1,1
8594,1,1,1
8595,1,1,1
8596,1,1,1
8597,1,1,1
8598,1,1,1
8599,1,1,1
8600,1,1,1
8601,1,1,1
8602,1,1,1
8603,1,1,1
8604,1,1,1
8605,1,1,1
8606,1,1,1
8607,1,1,1
8608,1,1,1
8609,1,1,1
8610,1,1,1
8611,1,1,1
8612,1,1,1
8613,1,1,1
8614,1,1,1
8615,1,1,1
8616,1,1,1
8617,1,1,1
8618,1,1,1
8619,1,1,1
8620,1,1,1
8621,1,1,1
8622,1,1,1
8623,1,1,1
8624,1,1,1
8625,1,1,1
8626,1,1,1
8627,1,1,1
8628,1,1,1
8629,1,1,1
8630,1,1,1
8631,1,1,1
8632,1,1,1
8633,1,1,1
8634,1,1,1
8635,1,1,1
8636,1,1,1
8637,1,1,1
8638,1,1,1
8639,1,1,1
8640,1,1,1
8641,1,1,1
8642,1,1,1
8643,1,1,1
8644,1,1,1
8645,1,1,1
8646,1,1,1
8647,1,1,1
8648,1,1,1
8649,1,1,1
8650,1,1,1
8651,1,1,1
8652,1,1,1
8653,1,1,1
8654,1,1,1
8655,1,1,1
8656,1,1,1
8657,1,1,1
8658,1,1,1
8659,1,1,1
8660,1,1,1
8661,1,1,1
8662,1,1,1
8663,1,1,1
8664,1,1,1
8665,1,1,1
8666,1,1,1
8667,1,1,1
8668,1,1,1
8669,1,1,1
8670,1,1,1
8671,1,1,1
8672,1,1,1
8673,1,1,1
8674,1,1,1
8675,1,1,1
8676,1,1,1
8677,1,1,1
8678,1,1,1
8679,1,1,1
8680,1,1,1
8681,1,1,1
8682,1,1,1
8683,1,1,1
8684,1,1,1
8685,1,1,1
8686,1,1,1
8687,1,1,1
8688,1,1,1
8689,1,1,1
8690,1,1,1
8691,1,1,1
8692,1,1,1
8693,1,1,1
8694,1,1,1
8695,1,1,1
8696,1,1,1
8697,1,1,1
8698,1,1,1
8699,1,1,1
8700,1,1,1
8701,1,1,1
8702,1,1,1
8703,1,1,1
8704,1,1,1
8705,1,1,1
8706,1,1,1
8707,1,1,1
8708,1,1,1
8709,1,1,1
8710,1,1,1
8711,1,1,1
8712,1,1,1
8713,1,1,1
8714,1,1,1
8715,1,1,1
8716,1,1,1
8717,1,1,1
8718,1,1,1
8719,1,1,1
8720,1,1,1
8721,1,1,1
8722,1,1,1
8723,1,1,1
8724,1,1,1
8725,1,1,1
8726,1,1,1
8727,1,1,1
8728,1,1,1
8729,1,1,1
8730,1,1,1
8731,1,1,1
8732,1,1,1
8733,1,1,1
8734,1,1,1
8735,1,1,1
8736,1,1,1
8737,1,1,1
8738,1,1,1
8739,1,1,1
8740,1,1,1
8741,1,1,1
8742,1,1,1
8743,1,1,1
8744,1,1,1
8745,1,1,1
8746,1,1,1
8747,1,1,1
8748,1,1,1
8749,1,1,1
8750,1,1,1
8751,1,1,1
8752,1,1,1
8753,1,1,1
8754,1,1,1
8755,1,1,1
8756,1,1,1
8757,1,1,1
8758,1,1,1
8759,1,1,1
8760,1,1,1
8761,1,1,1
8762,1,1,1
8763,1,1,1
8764,1,1,1
8765,1,1,1
8766,1,1,1
8767,1,1,1
8768,1,1,1
8769,1,1,1
8770,1,1,1
8771,1,1,1
8772,1,1,1
8773,1,1,1
8774,1,1,1
8775,1,1,1
8776,1,1,1
8777,1,1,1
8778,1,1,1
8779,1,1,1
8780,1,1,1
8781,1,1,1
8782,1,1,1
8783,1,1,1
8784,1,1,1
8785,1,1,1
8786,1,1,1
8787,1,1,1
8788,1,1,1
8789,1,1,1
8790,1,1,1
8791,1,1,1
8792,1,1,1
8793,1,1,1
8794,1,1,1
8795,1,1,1
8796,1,1,1
8797,1,1,1
8798,1,1,1
8799,1,1,1
8800,1,1,1
8801,1,1,1
8802,1,1,1
8803,1,1,1
8804,1,1,1
8805,1,1,1
8806,1,1,1
8807,1,1,1
8808,1,1,1
8809,1,1,1
8810,1,1,1
8811,1,1,1
8812,1,1,1
8813,1,1,1
8814,1,1,1
8815,1,1,1
8816,1,1,1
8817,1,1,1
8818,1,1,1
8819,1,1,1
8820,1,1,1
8821,1,1,1
8822,1,1,1
8823,1,1,1
8824,1,1,1
8825,1,1,1
8826,1,1,1
8827,1,1,1
8828,1,1,1
8829,1,1,1
8830,1,1,1
8831,1,1,1
8832,1,1,1
8833,1,1,1
8834,1,1,1
8835,1,1,1
8836,1,1,1
8837,1,1,1
8838,1,1,1
8839,1,1,1
8840,1,1,1
8841,1,1,1
8842,1,1,1
8843,1,1,1
8844,1,1,1
8845,1,1,1
8846,1,1,1
8847,1,1,1
8848,1,1,1
8849,1,1,1
8850,1,1,1
8851,1,1,1
8852,1,1,1
8853,1,1,1
8854,1,1,1
8855,1,1,1
8856,1,1,1
8857,1,1,1
8858,1,1,1
8859,1,1,1
8860,1,1,1
8861,1,1,1
8862,1,1,1
8863,1,1,1
8864,1,1,1
8865,1,1,1
8866,1,1,1
8867,1,1,1
8868,1,1,1
8869,1,1,1
8870,1,1,1
8871,1,1,1
8872,1,1,1
8873,1,1,1
8874,1,1,1
8875,1,1,1
8876,1,1,1
8877,1,1,1
8878,1,1,1
8879,1,1,1
8880,1,1,1
8881,1,1,1
8882,1,1,1
8883,1,1,1
8884,1,1,1
8885,1,1,1
8886,1,1,1
8887,1,1,1
8888,1,1,1
8889,1,1,1
8890,1,1,1
8891,1,1,1
8892,1,1,1
8893,1,1,1
8894,1,1,1
8895,1,1,1
8896,1,1,1
8897,1,1,1
8898,1,1,1
8899,1,1,1
8900,1,1,1
8901,1,1,1
8902,1,1,1
8903,1,1,1
8904,1,1,1
8905,1,1,1
8906,1,1,1
8907,1,1,1
8908,1,1,1
8909,1,1,1
8910,1,1,1
8911,1,1,1
8912,1,1,1
8913,1,1,1
8914,1,1,1
8915,1,1,1
8916,1,1,1
8917,1,1,1
8918,1,1,1
8919,1,1,1
8920,1,1,1
8921,1,1,1
8922,1,1,1
8923,1,1,1
8924,1,1,1
8925,1,1,1
8926,1,1,1
8927,1,1,1
8928,1,1,1
8929,1,1,1
8930,1,1,1
8931,1,1,1
8932,1,1,1
8933,1,1,1
8934,1,1,1
8935,1,1,1
8936,1,1,1
8937,1,1,1
8938,1,1,1
8939,1,1,1
8940,1,1,1
8941,1,1,1
8942,1,1,1
8943,1,1,1
8944,1,1,1
8945,1,1,1
8946,1,1,1
8947,1,1,1
8948,1,1,1
8949,1,1,1
8950,1,1,1
8951,1,1,1
8952,1,1,1
8953,1,1,1
8954,1,1,1
8955,1,1,1
8956,1,1,1
8957,1,1,1
8958,1,1,1
8959,1,1,1
8960,1,1,1
8961,1,1,1
8962,1,1,1
8963,1,1,1
8964,1,1,1
8965,1,1,1
8966,1,1,1
8967,1,1,1
8968,1,1,1
8969,1,1,1
8970,1,1,1
8971,1,1,1
8972,1,1,1
8973,1,1,1
8974,1,1,1
8975,1,1,1
8976,1,1,1
8977,1,1,1
8978,1,1,1
8979,1,1,1
8980,1,1,1
8981,1,1,1
8982,1,1,1
8983,1,1,1
8984,1,1,1
8985,1,1,1
8986,1,1,1
8987,1,1,1
8988,1,1,1
8989,1,1,1
8990,1,1,1
8991,1,1,1
8992,1,1,1
8993,1,1,1
8994,1,1,1
8995,1,1,1
8996,1,1,1
8997,1,1,1
8998,1,1,1
8999,1,1,1
9000,1,1,1
9001,1,1,1
9002,1,1,1
9003,1,1,1
9004,1,1,1
9005,1,1,1
9006,1,1,1
9007,1,1,1
9008,1,1,1
9009,1,1,1
9010,1,1,1
9011,1,1,1
9012,1,1,1
9013,1,1,1
9014,1,1,1
9015,1,1,1
9016,1,1,1
9017,1,1,1
9018,1,1,1
9019,1,1,1
9020,1,1,1
9021,1,1,1
9022,1,1,1
9023,1,1,1
9024,1,1,1
9025,1,1,1
9026,1,1,1
9027,1,1,1
9028,1,1,1
9029,1,1,1
9030,1,1,1
9031,1,1,1
9032,1,1,1
9033,1,1,1
9034,1,1,1
9035,1,1,1
9036,1,1,1
9037,1,1,1
9038,1,1,1
9039,1,1,1
9040,1,1,1
9041,1,1,1
9042,1,1,1
9043,1,1,1
9044,1,1,1
9045,1,1,1
9046,1,1,1
9047,1,1,1
9048,1,1,1
9049,1,1,1
9050,1,1,1
9051,1,1,1
9052,1,1,1
9053,1,1,1
9054,1,1,1
9055,1,1,1
9056,1,1,1
9057,1,1,1
9058,1,1,1
9059,1,1,1
9060,1,1,1
9061,1,1,1
9062,1,1,1
9063,1,1,1
9064,1,1,1
9065,1,1,1
9066,1,1,1
9067,1,1,1
9068,1,1,1
9069,1,1,1
9070,1,1,1
9071,1,1,1
9072,1,1,1
9073,1,1,1
9074,1,1,1
9075,1,1,1
9076,1,1,1
9077,1,1,1
9078,1,1,1
9079,1,1,1
9080,1,1,1
9081,1,1,1
9082,1,1,1
9083,1,1,1
9084,1,1,1
9085,1,1,1
9086,1,1,1
9087,1,1,1
9088,1,1,1
9089,1,1,1
9090,1,1,1
9091,1,1,1
9092,1,1,1
9093,1,1,1
9094,1,1,1
9095,1,1,1
9096,1,1,1
9097,1,1,1
9098,1,1,1
9099,1,1,1
9100,1,1,1
9101,1,1,1
9102,1,1,1
9103,1,1,1
9104,1,1,1
9105,1,1,1
9106,1,1,1
9107,1,1,1
9108,1,1,1
9109,1,1,1
9110,1,1,1
9111,1,1,1
9112,1,1,1
9113,1,1,1
9114,1,1,1
9115,1,1,1
9116,1,1,1
9117,1,1,1
9118,1,1,1
9119,1,1,1
9120,1,1,1
9121,1,1,1
9122,1,1,1
9123,1,1,1
9124,1,1,1
9125,1,1,1
9126,1,1,1
9127,1,1,1
9128,1,1,1
9129,1,1,1
9130,1,1,1
9131,1,1,1
9132,1,1,1
9133,1,1,1
9134,1,1,1
9135,1,1,1
9136,1,1,1
9137,1,1,1
9138,1,1,1
9139,1,1,1
9140,1,1,1
9141,1,1,1
9142,1,1,1
9143,1,1,1
9144,1,1,1
9145,1,1,1
9146,1,1,1
9147,1,1,1
9148,1,1,1
9149,1,1,1
9150,1,1,1
9151,1,1,1
9152,1,1,1
9153,1,1,1
9154,1,1,1
9155,1,1,1
9156,1,1,1
9157,1,1,1
9158,1,1,1
9159,1,1,1
9160,1,1,1
9161,1,1,1
9162,1,1,1
9163,1,1,1
9164,1,1,1
9165,1,1,1
9166,1,1,1
9167,1,1,1
9168,1,1,1
9169,1,1,1
9170,1,1,1
9171,1,1,1
9172,1,1,1
9173,1,1,1
9174,1,1,1
9175,1,1,1
9176,1,1,1
9177,1,1,1
9178,1,1,1
9179,1,1,1
9180,1,1,1
9181,1,1,1
9182,1,1,1
9183,1,1,1
9184,1,1,1
9185,1,1,1
9186,1,1,1
9187,1,1,1
9188,1,1,1
9189,1,1,1
9190,1,1,1
9191,1,1,1
9192,1,1,1
9193,1,1,1
9194,1,1,1
9195,1,1,1
9196,1,1,1
9197,1,1,1
9198,1,1,1
9199,1,1,1
9200,1,1,1
9201,1,1,1
9202,1,1,1
9203,1,1,1
9204,1,1,1
9205,1,1,1
9206,1,1,1
9207,1,1,1
9208,1,1,1
9209,1,1,1
9210,1,1,1
9211,1,1,1
9212,1,1,1
9213,1,1,1
9214,1,1,1
9215,1,1,1
9216,1,1,1
9217,1,1,1
9218,1,1,1
9219,1,1,1
9220,1,1,1
9221,1,1,1
9222,1,1,1
9223,1,1,1
9224,1,1,1
9225,1,1,1
9226,1,1,1
9227,1,1,1
9228,1,1,1
9229,1,1,1
9230,1,1,1
9231,1,1,1
9232,1,1,1
9233,1,1,1
9234,1,1,1
9235,1,1,1
9236,1,1,1
9237,1,1,1
9238,1,1,1
9239,1,1,1
9240,1,1,1
9241,1,1,1
9242,1,1,1
9243,1,1,1
9244,1,1,1
9245,1,1,1
9246,1,1,1
9247,1,1,1
9248,1,1,1
9249,1,1,1
9250,1,1,1
9251,1,1,1
9252,1,1,1
9253,1,1,1
9254,1,1,1
9255,1,1,1
9256,1,1,1
9257,1,1,1
9258,1,1,1
9259,1,1,1
9260,1,1,1
9261,1,1,1
9262,1,1,1
9263,1,1,1
9264,1,1,1
9265,1,1,1
9266,1,1,1
9267,1,1,1
9268,1,1,1
9269,1,1,1
9270,1,1,1
9271,1,1,1
9272,1,1,1
9273,1,1,1
9274,1,1,1
9275,1,1,1
9276,1,1,1
9277,1,1,1
9278,1,1,1
9279,1,1,1
9280,1,1,1
9281,1,1,1
9282,1,1,1
9283,1,1,1
9284,1,1,1
9285,1,1,1
9286,1,1,1
9287,1,1,1
9288,1,1,1
9289,1,1,1
9290,1,1,1
9291,1,1,1
9292,1,1,1
9293,1,1,1
9294,1,1,1
9295,1,1,1
9296,1,1,1
9297,1,1,1
9298,1,1,1
9299,1,1,1
9300,1,1,1
9301,1,1,1
9302,1,1,1
9303,1,1,1
9304,1,1,1
9305,1,1,1
9306,1,1,1
9307,1,1,1
9308,1,1,1
9309,1,1,1
9310,1,1,1
9311,1,1,1
9312,1,1,1
9313,1,1,1
9314,1,1,1
9315,1,1,1
9316,1,1,1
9317,1,1,1
9318,1,1,1
9319,1,1,1
9320,1,1,1
9321,1,1,1
9322,1,1,1
9323,1,1,1
9324,1,1,1
9325,1,1,1
9326,1,1,1
9327,1,1,1
9328,1,1,1
9329,1,1,1
9330,1,1,1
9331,1,1,1
9332,1,1,1
9333,1,1,1
9334,1,1,1
9335,1,1,1
9336,1,1,1
9337,1,1,1
9338,1,1,1
9339,1,1,1
9340,1,1,1
9341,1,1,1
9342,1,1,1
9343,1,1,1
9344,1,1,1
9345,1,1,1
9346,1,1,1
9347,1,1,1
9348,1,1,1
9349,1,1,1
9350,1,1,1
9351,1,1,1
9352,1,1,1
9353,1,1,1
9354,1,1,1
9355,1,1,1
9356,1,1,1
9357,1,1,1
9358,1,1,1
9359,1,1,1
9360,1,1,1
9361,1,1,1
9362,1,1,1
9363,1,1,1
9364,1,1,1
9365,1,1,1
9366,1,1,1
9367,1,1,1
9368,1,1,1
9369,1,1,1
9370,1,1,1
9371,1,1,1
9372,1,1,1
9373,1,1,1
9374,1,1,1
9375,1,1,1
9376,1,1,1
9377,1,1,1
9378,1,1,1
9379,1,1,1
9380,1,1,1
9381,1,1,1
9382,1,1,1
9383,1,1,1
9384,1,1,1
9385,1,1,1
9386,1,1,1
9387,1,1,1
9388,1,1,1
9389,1,1,1
9390,1,1,1
9391,1,1,1
9392,1,1,1
9393,1,1,1
9394,1,1,1
9395,1,1,1
9396,1,1,1
9397,1,1,1
9398,1,1,1
9399,1,1,1
9400,1,1,1
9401,1,1,1
9402,1,1,1
9403,1,1,1
9404,1,1,1
9405,1,1,1
9406,1,1,1
9407,1,1,1
9408,1,1,1
9409,1,1,1
9410,1,1,1
9411,1,1,1
9412,1,1,1
9413,1,1,1
9414,1,1,1
9415,1,1,1
9416,1,1,1
9417,1,1,1
9418,1,1,1
9419,1,1,1
9420,1,1,1
9421,1,1,1
9422,1,1,1
9423,1,1,1
9424,1,1,1
9425,1,1,1
9426,1,1,1
9427,1,1,1
9428,1,1,1
9429,1,1,1
9430,1,1,1
9431,1,1,1
9432,1,1,1
9433,1,1,1
9434,1,1,1
9435,1,1,1
9436,1,1,1
9437,1,1,1
9438,1,1,1
9439,1,1,1
9440,1,1,1
9441,1,1,1
9442,1,1,1
9443,1,1,1
9444,1,1,1
9445,1,1,1
9446,1,1,1
9447,1,1,1
9448,1,1,1
9449,1,1,1
9450,1,1,1
9451,1,1,1
9452,1,1,1
9453,1,1,1
9454,1,1,1
9455,1,1,1
9456,1,1,1
9457,1,1,1
9458,1,1,1
9459,1,1,1
9460,1,1,1
9461,1,1,1
9462,1,1,1
9463,1,1,1
9464,1,1,1
9465,1,1,1
9466,1,1,1
9467,1,1,1
9468,1,1,1
9469,1,1,1
9470,1,1,1
9471,1,1,1
9472,1,1,1
9473,1,1,1
9474,1,1,1
9475,1,1,1
9476,1,1,1
9477,1,1,1
9478,1,1,1
9479,1,1,1
9480,1,1,1
9481,1,1,1
9482,1,1,1
9483,1,1,1
9484,1,1,1
9485,1,1,1
9486,1,1,1
9487,1,1,1
9488,1,1,1
9489,1,1,1
9490,1,1,1
9491,1,1,1
9492,1,1,1
9493,1,1,1
9494,1,1,1
9495,1,1,1
9496,1,1,1
9497,1,1,1
9498,1,1,1
9499,1,1,1
9500,1,1,1
9501,1,1,1
9502,1,1,1
9503,1,1,1
9504,1,1,1
9505,1,1,1
9506,1,1,1
9507,1,1,1
9508,1,1,1
9509,1,1,1
9510,1,1,1
9511,1,1,1
9512,1,1,1
9513,1,1,1
9514,1,1,1
9515,1,1,1
9516,1,1,1
9517,1,1,1
9518,1,1,1
9519,1,1,1
9520,1,1,1
9521,1,1,1
9522,1,1,1
9523,1,1,1
9524,1,1,1
9525,1,1,1
9526,1,1,1
9527,1,1,1
9528,1,1,1
9529,1,1,1
9530,1,1,1
9531,1,1,1
9532,1,1,1
9533,1,1,1
9534,1,1,1
9535,1,1,1
9536,1,1,1
9537,1,1,1
9538,1,1,1
9539,1,1,1
9540,1,1,1
9541,1,1,1
9542,1,1,1
9543,1,1,1
9544,1,1,1
9545,1,1,1
9546,1,1,1
9547,1,1,1
9548,1,1,1
9549,1,1,1
9550,1,1,1
9551,1,1,1
9552,1,1,1
9553,1,1,1
9554,1,1,1
9555,1,1,1
9556,1,1,1
9557,1,1,1
9558,1,1,1
9559,1,1,1
9560,1,1,1
9561,1,1,1
9562,1,1,1
9563,1,1,1
9564,1,1,1
9565,1,1,1
9566,1,1,1
9567,1,1,1
9568,1,1,1
9569,1,1,1
9570,1,1,1
9571,1,1,1
9572,1,1,1
9573,1,1,1
9574,1,1,1
9575,1,1,1
9576,1,1,1
9577,1,1,1
9578,1,1,1
9579,1,1,1
9580,1,1,1
9581,1,1,1
9582,1,1,1
9583,1,1,1
9584,1,1,1
9585,1,1,1
9586,1,1,1
9587,1,1,1
9588,1,1,1
9589,1,1,1
9590,1,1,1
9591,1,1,1
9592,1,1,1
9593,1,1,1
9594,1,1,1
9595,1,1,1
9596,1,1,1
9597,1,1,1
9598,1,1,1
9599,1,1,1
9600,1,1,1
9601,1,1,1
9602,1,1,1
9603,1,1,1
9604,1,1,1
9605,1,1,1
9606,1,1,1
9607,1,1,1
9608,1,1,1
9609,1,1,1
9610,1,1,1
9611,1,1,1
9612,1,1,1
9613,1,1,1
9614,1,1,1
9615,1,1,1
9616,1,1,1
9617,1,1,1
9618,1,1,1
9619,1,1,1
9620,1,1,1
9621,1,1,1
9622,1,1,1
9623,1,1,1
9624,1,1,1
9625,1,1,1
9626,1,1,1
9627,1,1,1
9628,1,1,1
9629,1,1,1
9630,1,1,1
9631,1,1,1
9632,1,1,1
9633,1,1,1
9634,1,1,1
9635,1,1,1
9636,1,1,1
9637,1,1,1
9638,1,1,1
9639,1,1,1
9640,1,1,1
9641,1,1,1
9642,1,1,1
9643,1,1,1
9644,1,1,1
9645,1,1,1
9646,1,1,1
9647,1,1,1
9648,1,1,1
9649,1,1,1
9650,1,1,1
9651,1,1,1
9652,1,1,1
9653,1,1,1
9654,1,1,1
9655,1,1,1
9656,1,1,1
9657,1,1,1
9658,1,1,1
9659,1,1,1
9660,1,1,1
9661,1,1,1
9662,1,1,1
9663,1,1,1
9664,1,1,1
9665,1,1,1
9666,1,1,1
9667,1,1,1
9668,1,1,1
9669,1,1,1
9670,1,1,1
9671,1,1,1
9672,1,1,1
9673,1,1,1
9674,1,1,1
9675,1,1,1
9676,1,1,1
9677,1,1,1
9678,1,1,1
9679,1,1,1
9680,1,1,1
9681,1,1,1
9682,1,1,1
9683,1,1,1
9684,1,1,1
9685,1,1,1
9686,1,1,1
9687,1,1,1
9688,1,1,1
9689,1,1,1
9690,1,1,1
9691,1,1,1
9692,1,1,1
9693,1,1,1
9694,1,1,1
9695,1,1,1
9696,1,1,1
9697,1,1,1
9698,1,1,1
9699,1,1,1
9700,1,1,1
9701,1,1,1
9702,1,1,1
9703,1,1,1
9704,1,1,1
9705,1,1,1
9706,1,1,1
9707,1,1,1
9708,1,1,1
9709,1,1,1
9710,1,1,1
9711,1,1,1
9712,1,1,1
9713,1,1,1
9714,1,1,1
9715,1,1,1
9716,1,1,1
9717,1,1,1
9718,1,1,1
9719,1,1,1
9720,1,1,1
9721,1,1,1
9722,1,1,1
9723,1,1,1
9724,1,1,1
9725,1,1,1
9726,1,1,1
9727,1,1,1
9728,1,1,1
9729,1,1,1
9730,1,1,1
9731,1,1,1
9732,1,1,1
9733,1,1,1
9734,1,1,1
9735,1,1,1
9736,1,1,1
9737,1,1,1
9738,1,1,1
9739,1,1,1
9740,1,1,1
9741,1,1,1
9742,1,1,1
9743,1,1,1
9744,1,1,1
9745,1,1,1
9746,1,1,1
9747,1,1,1
9748,1,1,1
9749,1,1,1
9750,1,1,1
9751,1,1,1
9752,1,1,1
9753,1,1,1
9754,1,1,1
9755,1,1,1
9756,1,1,1
9757,1,1,1
9758,1,1,1
9759,1,1,1
9760,1,1,1
9761,1,1,1
9762,1,1,1
9763,1,1,1
9764,1,1,1
9765,1,1,1
9766,1,1,1
9767,1,1,1
9768,1,1,1
9769,1,1,1
9770,1,1,1
9771,1,1,1
9772,1,1,1
9773,1,1,1
9774,1,1,1
9775,1,1,1
9776,1,1,1
9777,1,1,1
9778,1,1,1
9779,1,1,1
9780,1,1,1
9781,1,1,1
9782,1,1,1
9783,1,1,1
9784,1,1,1
9785,1,1,1
9786,1,1,1
9787,1,1,1
9788,1,1,1
9789,1,1,1
9790,1,1,1
9791,1,1,1
9792,1,1,1
9793,1,1,1
9794,1,1,1
9795,1,1,1
9796,1,1,1
9797,1,1,1
9798,1,1,1
9799,1,1,1
9800,1,1,1
9801,1,1,1
9802,1,1,1
9803,1,1,1
9804,1,1,1
9805,1,1,1
9806,1,1,1
9807,1,1,1
9808,1,1,1
9809,1,1,1
9810,1,1,1
9811,1,1,1
9812,1,1,1
9813,1,1,1
9814,1,1,1
9815,1,1,1
9816,1,1,1
9817,1,1,1
9818,1,1,1
9819,1,1,1
9820,1,1,1
9821,1,1,1
9822,1,1,1
9823,1,1,1
9824,1,1,1
9825,1,1,1
9826,1,1,1
9827,1,1,1
9828,1,1,1
9829,1,1,1
9830,1,1,1
9831,1,1,1
9832,1,1,1
9833,1,1,1
9834,1,1,1
9835,1,1,1
9836,1,1,1
9837,1,1,1
9838,1,1,1
9839,1,1,1
9840,1,1,1
9841,1,1,1
9842,1,1,1
9843,1,1,1
9844,1,1,1
9845,1,1,1
9846,1,1,1
9847,1,1,1
9848,1,1,1
9849,1,1,1
9850,1,1,1
9851,1,1,1
9852,1,1,1
9853,1,1,1
9854,1,1,1
9855,1,1,1
9856,1,1,1
9857,1,1,1
9858,1,1,1
9859,1,1,1
9860,1,1,1
9861,1,1,1
9862,1,1,1
9863,1,1,1
9864,1,1,1
9865,1,1,1
9866,1,1,1
9867,1,1,1
9868,1,1,1
9869,1,1,1
9870,1,1,1
9871,1,1,1
9872,1,1,1
9873,1,1,1
9874,1,1,1
9875,1,1,1
9876,1,1,1
9877,1,1,1
9878,1,1,1
9879,1,1,1
9880,1,1,1
9881,1,1,1
9882,1,1,1
9883,1,1,1
9884,1,1,1
9885,1,1,1
9886,1,1,1
9887,1,1,1
9888,1,1,1
9889,1,1,1
9890,1,1,1
9891,1,1,1
9892,1,1,1
9893,1,1,1
9894,1,1,1
9895,1,1,1
9896,1,1,1
9897,1,1,1
9898,1,1,1
9899,1,1,1
9900,1,1,1
9901,1,1,1
9902,1,1,1
9903,1,1,1
9904,1,1,1
9905,1,1,1
9906,1,1,1
9907,1,1,1
9908,1,1,1
9909,1,1,1
9910,1,1,1
9911,1,1,1
9912,1,1,1
9913,1,1,1
9914,1,1,1
9915,1,1,1
9916,1,1,1
9917,1,1,1
9918,1,1,1
9919,1,1,1
9920,1,1,1
9921,1,1,1
9922,1,1,1
9923,1,1,1
9924,1,1,1
9925,1,1,1
9926,1,1,1
9927,1,1,1
9928,1,1,1
9929,1,1,1
9930,1,1,1
9931,1,1,1
9932,1,1,1
9933,1,1,1
9934,1,1,1
9935,1,1,1
9936,1,1,1
9937,1,1,1
9938,1,1,1
9939,1,1,1
9940,1,1,1
9941,1,1,1
9942,1,1,1
9943,1,1,1
9944,1,1,1
9945,1,1,1
9946,1,1,1
9947,1,1,1
9948,1,1,1
9949,1,1,1
9950,1,1,1
9951,1,1,1
9952,1,1,1
9953,1,1,1
9954,1,1,1
9955,1,1,1
9956,1,1,1
9957,1,1,1
9958,1,1,1
9959,1,1,1
9960,1,1,1
9961,1,1,1
9962,1,1,1
9963,1,1,1
9964,1,1,1
9965,1,1,1
9966,1,1,1
9967,1,1,1
9968,1,1,1
9969,1,1,1
9970,1,1,1
9971,1,1,1
9972,1,1,1
9973,1,1,1
9974,1,1,1
9975,1,1,1
9976,1,1,1
9977,1,1,1
9978,1,1,1
9979,1,1,1
9980,1,1,1
9981,1,1,1
9982,1,1,1
9983,1,1,1
9984,1,1,1
9985,1,1,1
9986,1,1,1
9987,1,1,1
9988,1,1,1
9989,1,1,1
9990,1,1,1
9991,1,1,1
9992,1,1,1
9993,1,1,1
9994,1,1,1
9995,1,1,1
9996,1,1,1
9997,1,1,1
9998,1,1,1
9999,1,1,1
10000,1,1,1
10001,1,1,1
10002,1,1,1
10003,1,1,1
10004,1,1,1
10005,1,1,1
10006,1,1,1
10007,1,1,1
10008,1,1,1
10009,1,1,1
10010,1,1,1
10011,1,1,1
10012,1,1,1
10013,1,1,1
10014,1,1,1
10015,1,1,1
10016,1,1,1
10017,1,1,1
10018,1,1,1
10019,1,1,1
10020,1,1,1
10021,1,1,1
10022,1,1,1
10023,1,1,1
10024,1,1,1
10025,1,1,1
10026,1,1,1
10027,1,1,1
10028,1,1,1
10029,1,1,1
10030,1,1,1
10031,1,1,1
10032,1,1,1
10033,1,1,1
10034,1,1,1
10035,1,1,1
10036,1,1,1
10037,1,1,1
10038,1,1,1
10039,1,1,1
10040,1,1,1
10041,1,1,1
10042,1,1,1
10043,1,1,1
10044,1,1,1
10045,1,1,1
10046,1,1,1
10047,1,1,1
10048,1,1,1
10049,1,1,1
10050,1,1,1
10051,1,1,1
10052,1,1,1
10053,1,1,1
10054,1,1,1
10055,1,1,1
10056,1,1,1
10057,1,1,1
10058,1,1,1
10059,1,1,1
10060,1,1,1
10061,1,1,1
10062,1,1,1
10063,1,1,1
10064,1,1,1
10065,1,1,1
10066,1,1,1
10067,1,1,1
10068,1,1,1
10069,1,1,1
10070,1,1,1
10071,1,1,1
10072,1,1,1
10073,1,1,1
10074,1,1,1
10075,1,1,1
10076,1,1,1
10077,1,1,1
10078,1,1,1
10079,1,1,1
10080,1,1,1
10081,1,1,1
10082,1,1,1
10083,1,1,1
10084,1,1,1
10085,1,1,1
10086,1,1,1
10087,1,1,1
10088,1,1,1
10089,1,1,1
10090,1,1,1
10091,1,1,1
10092,1,1,1
10093,1,1,1
10094,1,1,1
10095,1,1,1
10096,1,1,1
10097,1,1,1
10098,1,1,1
10099,1,1,1
10100,1,1,1
10101,1,1,1
10102,1,1,1
10103,1,1,1
10104,1,1,1
10105,1,1,1
10106,1,1,1
10107,1,1,1
10108,1,1,1
10109,1,1,1
10110,1,1,1
10111,1,1,1
10112,1,1,1
10113,1,1,1
10114,1,1,1
10115,1,1,1
10116,1,1,1
10117,1,1,1
10118,1,1,1
10119,1,1,1
10120,1,1,1
10121,1,1,1
10122,1,1,1
10123,1,1,1
10124,1,1,1
10125,1,1,1
10126,1,1,1
10127,1,1,1
10128,1,1,1
10129,1,1,1
10130,1,1,1
10131,1,1,1
10132,1,1,1
10133,1,1,1
10134,1,1,1
10135,1,1,1
10136,1,1,1
10137,1,1,1
10138,1,1,1
10139,1,1,1
10140,1,1,1
10141,1,1,1
10142,1,1,1
10143,1,1,1
10144,1,1,1
10145,1,1,1
10146,1,1,1
10147,1,1,1
10148,1,1,1
10149,1,1,1
10150,1,1,1
10151,1,1,1
10152,1,1,1
10153,1,1,1
10154,1,1,1
10155,1,1,1
10156,1,1,1
10157,1,1,1
10158,1,1,1
10159,1,1,1
10160,1,1,1
10161,1,1,1
10162,1,1,1
10163,1,1,1
10164,1,1,1
10165,1,1,1
10166,1,1,1
10167,1,1,1
10168,1,1,1
10169,1,1,1
10170,1,1,1
10171,1,1,1
10172,1,1,1
10173,1,1,1
10174,1,1,1
10175,1,1,1
10176,1,1,1
10177,1,1,1
10178,1,1,1
10179,1,1,1
10180,1,1,1
10181,1,1,1
10182,1,1,1
10183,1,1,1
10184,1,1,1
10185,1,1,1
10186,1,1,1
10187,1,1,1
10188,1,1,1
10189,1,1,1
10190,1,1,1
10191,1,1,1
10192,1,1,1
10193,1,1,1
10194,1,1,1
10195,1,1,1
10196,1,1,1
10197,1,1,1
10198,1,1,1
10199,1,1,1
10200,1,1,1
10201,1,1,1
10202,1,1,1
10203,1,1,1
10204,1,1,1
10205,1,1,1
10206,1,1,1
10207,1,1,1
10208,1,1,1
10209,1,1,1
10210,1,1,1
10211,1,1,1
10212,1,1,1
10213,1,1,1
10214,1,1,1
10215,1,1,1
10216,1,1,1
10217,1,1,1
10218,1,1,1
10219,1,1,1
10220,1,1,1
10221,1,1,1
10222,1,1,1
10223,1,1,1
10224,1,1,1
10225,1,1,1
10226,1,1,1
10227,1,1,1
10228,1,1,1
10229,1,1,1
10230,1,1,1
10231,1,1,1
10232,1,1,1
10233,1,1,1
10234,1,1,1
10235,1,1,1
10236,1,1,1
10237,1,1,1
10238,1,1,1
10239,1,1,1
10240,1,1,1
10241,1,1,1
10242,1,1,1
10243,1,1,1
10244,1,1,1
10245,1,1,1
10246,1,1,1
10247,1,1,1
10248,1,1,1
10249,1,1,1
10250,1,1,1
10251,1,1,1
10252,1,1,1
10253,1,1,1
10254,1,1,1
10255,1,1,1
10256,1,1,1
10257,1,1,1
10258,1,1,1
10259,1,1,1
10260,1,1,1
10261,1,1,1
10262,1,1,1
10263,1,1,1
10264,1,1,1
10265,1,1,1
10266,1,1,1
10267,1,1,1
10268,1,1,1
10269,1,1,1
10270,1,1,1
10271,1,1,1
10272,1,1,1
10273,1,1,1
10274,1,1,1
10275,1,1,1
10276,1,1,1
10277,1,1,1
10278,1,1,1
10279,1,1,1
10280,1,1,1
10281,1,1,1
10282,1,1,1
10283,1,1,1
10284,1,1,1
10285,1,1,1
10286,1,1,1
10287,1,1,1
10288,1,1,1
10289,1,1,1
10290,1,1,1
10291,1,1,1
10292,1,1,1
10293,1,1,1
10294,1,1,1
10295,1,1,1
10296,1,1,1
10297,1,1,1
10298,1,1,1
10299,1,1,1
10300,1,1,1
10301,1,1,1
10302,1,1,1
10303,1,1,1
10304,1,1,1
10305,1,1,1
10306,1,1,1
10307,1,1,1
10308,1,1,1
10309,1,1,1
10310,1,1,1
10311,1,1,1
10312,1,1,1
10313,1,1,1
10314,1,1,1
10315,1,1,1
10316,1,1,1
10317,1,1,1
10318,1,1,1
10319,1,1,1
10320,1,1,1
10321,1,1,1
10322,1,1,1
10323,1,1,1
10324,1,1,1
10325,1,1,1
10326,1,1,1
10327,1,1,1
10328,1,1,1
10329,1,1,1
10330,1,1,1
10331,1,1,1
10332,1,1,1
10333,1,1,1
10334,1,1,1
10335,1,1,1
10336,1,1,1
10337,1,1,1
10338,1,1,1
10339,1,1,1
10340,1,1,1
10341,1,1,1
10342,1,1,1
10343,1,1,1
10344,1,1,1
10345,1,1,1
10346,1,1,1
10347,1,1,1
10348,1,1,1
10349,1,1,1
10350,1,1,1
10351,1,1,1
10352,1,1,1
10353,1,1,1
10354,1,1,1
10355,1,1,1
10356,1,1,1
10357,1,1,1
10358,1,1,1
10359,1,1,1
10360,1,1,1
10361,1,1,1
10362,1,1,1
10363,1,1,1
10364,1,1,1
10365,1,1,1
10366,1,1,1
10367,1,1,1
10368,1,1,1
10369,1,1,1
10370,1,1,1
10371,1,1,1
10372,1,1,1
10373,1,1,1
10374,1,1,1
10375,1,1,1
10376,1,1,1
10377,1,1,1
10378,1,1,1
10379,1,1,1
10380,1,1,1
10381,1,1,1
10382,1,1,1
10383,1,1,1
10384,1,1,1
10385,1,1,1
10386,1,1,1
10387,1,1,1
10388,1,1,1
10389,1,1,1
10390,1,1,1
10391,1,1,1
10392,1,1,1
10393,1,1,1
10394,1,1,1
10395,1,1,1
10396,1,1,1
10397,1,1,1
10398,1,1,1
10399,1,1,1
10400,1,1,1
10401,1,1,1
10402,1,1,1
10403,1,1,1
10404,1,1,1
10405,1,1,1
10406,1,1,1
10407,1,1,1
10408,1,1,1
10409,1,1,1
10410,1,1,1
10411,1,1,1
10412,1,1,1
10413,1,1,1
10414,1,1,1
10415,1,1,1
10416,1,1,1
10417,1,1,1
10418,1,1,1
10419,1,1,1
10420,1,1,1
10421,1,1,1
10422,1,1,1
10423,1,1,1
10424,1,1,1
10425,1,1,1
10426,1,1,1
10427,1,1,1
10428,1,1,1
10429,1,1,1
10430,1,1,1
10431,1,1,1
10432,1,1,1
10433,1,1,1
10434,1,1,1
10435,1,1,1
10436,1,1,1
10437,1,1,1
10438,1,1,1
10439,1,1,1
10440,1,1,1
10441,1,1,1
10442,1,1,1
10443,1,1,1
10444,1,1,1
10445,1,1,1
10446,1,1,1
10447,1,1,1
10448,1,1,1
10449,1,1,1
10450,1,1,1
10451,1,1,1
10452,1,1,1
10453,1,1,1
10454,1,1,1
10455,1,1,1
10456,1,1,1
10457,1,1,1
10458,1,1,1
10459,1,1,1
10460,1,1,1
10461,1,1,1
10462,1,1,1
10463,1,1,1
10464,1,1,1
10465,1,1,1
10466,1,1,1
10467,1,1,1
10468,1,1,1
10469,1,1,1
10470,1,1,1
10471,1,1,1
10472,1,1,1
10473,1,1,1
10474,1,1,1
10475,1,1,1
10476,1,1,1
10477,1,1,1
10478,1,1,1
10479,1,1,1
10480,1,1,1
10481,1,1,1
10482,1,1,1
10483,1,1,1
10484,1,1,1
10485,1,1,1
10486,1,1,1
10487,1,1,1
10488,1,1,1
10489,1,1,1
10490,1,1,1
10491,1,1,1
10492,1,1,1
10493,1,1,1
10494,1,1,1
10495,1,1,1
10496,1,1,1
10497,1,1,1
10498,1,1,1
10499,1,1,1
10500,1,1,1
10501,1,1,1
10502,1,1,1
10503,1,1,1
10504,1,1,1
10505,1,1,1
10506,1,1,1
10507,1,1,1
10508,1,1,1
10509,1,1,1
10510,1,1,1
10511,1,1,1
10512,1,1,1
10513,1,1,1
10514,1,1,1
10515,1,1,1
10516,1,1,1
10517,1,1,1
10518,1,1,1
10519,1,1,1
10520,1,1,1
10521,1,1,1
10522,1,1,1
10523,1,1,1
10524,1,1,1
10525,1,1,1
10526,1,1,1
10527,1,1,1
10528,1,1,1
10529,1,1,1
10530,1,1,1
10531,1,1,1
10532,1,1,1
10533,1,1,1
10534,1,1,1
10535,1,1,1
10536,1,1,1
10537,1,1,1
10538,1,1,1
10539,1,1,1
10540,1,1,1
10541,1,1,1
10542,1,1,1
10543,1,1,1
10544,1,1,1
10545,1,1,1
10546,1,1,1
10547,1,1,1
10548,1,1,1
10549,1,1,1
10550,1,1,1
10551,1,1,1
10552,1,1,1
10553,1,1,1
10554,1,1,1
10555,1,1,1
10556,1,1,1
10557,1,1,1
10558,1,1,1
10559,1,1,1
10560,1,1,1
10561,1,1,1
10562,1,1,1
10563,1,1,1
10564,1,1,1
10565,1,1,1
10566,1,1,1
10567,1,1,1
10568,1,1,1
10569,1,1,1
10570,1,1,1
10571,1,1,1
10572,1,1,1
10573,1,1,1
10574,1,1,1
10575,1,1,1
10576,1,1,1
10577,1,1,1
10578,1,1,1
10579,1,1,1
10580,1,1,1
10581,1,1,1
10582,1,1,1
10583,1,1,1
10584,1,1,1
10585,1,1,1
10586,1,1,1
10587,1,1,1
10588,1,1,1
10589,1,1,1
10590,1,1,1
10591,1,1,1
10592,1,1,1
10593,1,1,1
10594,1,1,1
10595,1,1,1
10596,1,1,1
10597,1,1,1
10598,1,1,1
10599,1,1,1
10600,1,1,1
10601,1,1,1
10602,1,1,1
10603,1,1,1
10604,1,1,1
10605,1,1,1
10606,1,1,1
10607,1,1,1
10608,1,1,1
10609,1,1,1
10610,1,1,1
10611,1,1,1
10612,1,1,1
10613,1,1,1
10614,1,1,1
10615,1,1,1
10616,1,1,1
10617,1,1,1
10618,1,1,1
10619,1,1,1
10620,1,1,1
10621,1,1,1
10622,1,1,1
10623,1,1,1
10624,1,1,1
10625,1,1,1
10626,1,1,1
10627,1,1,1
10628,1,1,1
10629,1,1,1
10630,1,1,1
10631,1,1,1
10632,1,1,1
10633,1,1,1
10634,1,1,1
10635,1,1,1
10636,1,1,1
10637,1,1,1
10638,1,1,1
10639,1,1,1
10640,1,1,1
10641,1,1,1
10642,1,1,1
10643,1,1,1
10644,1,1,1
10645,1,1,1
10646,1,1,1
10647,1,1,1
10648,1,1,1
10649,1,1,1
10650,1,1,1
10651,1,1,1
10652,1,1,1
10653,1,1,1
10654,1,1,1
10655,1,1,1
10656,1,1,1
10657,1,1,1
10658,1,1,1
10659,1,1,1
10660,1,1,1
10661,1,1,1
10662,1,1,1
10663,1,1,1
10664,1,1,1
10665,1,1,1
10666,1,1,1
10667,1,1,1
10668,1,1,1
10669,1,1,1
10670,1,1,1
10671,1,1,1
10672,1,1,1
10673,1,1,1
10674,1,1,1
10675,1,1,1
10676,1,1,1
10677,1,1,1
10678,1,1,1
10679,1,1,1
10680,1,1,1
10681,1,1,1
10682,1,1,1
10683,1,1,1
10684,1,1,1
10685,1,1,1
10686,1,1,1
10687,1,1,1
10688,1,1,1
10689,1,1,1
10690,1,1,1
10691,1,1,1
10692,1,1,1
10693,1,1,1
10694,1,1,1
10695,1,1,1
10696,1,1,1
10697,1,1,1
10698,1,1,1
10699,1,1,1
10700,1,1,1
10701,1,1,1
10702,1,1,1
10703,1,1,1
10704,1,1,1
10705,1,1,1
10706,1,1,1
10707,1,1,1
10708,1,1,1
10709,1,1,1
10710,1,1,1
10711,1,1,1
10712,1,1,1
10713,1,1,1
10714,1,1,1
10715,1,1,1
10716,1,1,1
10717,1,1,1
10718,1,1,1
10719,1,1,1
10720,1,1,1
10721,1,1,1
10722,1,1,1
10723,1,1,1
10724,1,1,1
10725,1,1,1
10726,1,1,1
10727,1,1,1
10728,1,1,1
10729,1,1,1
10730,1,1,1
10731,1,1,1
10732,1,1,1
10733,1,1,1
10734,1,1,1
10735,1,1,1
10736,1,1,1
10737,1,1,1
10738,1,1,1
10739,1,1,1
10740,1,1,1
10741,1,1,1
10742,1,1,1
10743,1,1,1
10744,1,1,1
10745,1,1,1
10746,1,1,1
10747,1,1,1
10748,1,1,1
10749,1,1,1
10750,1,1,1
10751,1,1,1
10752,1,1,1
10753,1,1,1
10754,1,1,1
10755,1,1,1
10756,1,1,1
10757,1,1,1
10758,1,1,1
10759,1,1,1
10760,1,1,1
10761,1,1,1
10762,1,1,1
10763,1,1,1
10764,1,1,1
10765,1,1,1
10766,1,1,1
10767,1,1,1
10768,1,1,1
10769,1,1,1
10770,1,1,1
10771,1,1,1
10772,1,1,1
10773,1,1,1
10774,1,1,1
10775,1,1,1
10776,1,1,1
10777,1,1,1
10778,1,1,1
10779,1,1,1
10780,1,1,1
10781,1,1,1
10782,1,1,1
10783,1,1,1
10784,1,1,1
10785,1,1,1
10786,1,1,1
10787,1,1,1
10788,1,1,1
10789,1,1,1
10790,1,1,1
10791,1,1,1
10792,1,1,1
10793,1,1,1
10794,1,1,1
10795,1,1,1
10796,1,1,1
10797,1,1,1
10798,1,1,1
10799,1,1,1
10800,1,1,1
10801,1,1,1
10802,1,1,1
10803,1,1,1
10804,1,1,1
10805,1,1,1
10806,1,1,1
10807,1,1,1
10808,1,1,1
10809,1,1,1
10810,1,1,1
10811,1,1,1
10812,1,1,1
10813,1,1,1
10814,1,1,1
10815,1,1,1
10816,1,1,1
10817,1,1,1
10818,1,1,1
10819,1,1,1
10820,1,1,1
10821,1,1,1
10822,1,1,1
10823,1,1,1
10824,1,1,1
10825,1,1,1
10826,1,1,1
10827,1,1,1
10828,1,1,1
10829,1,1,1
10830,1,1,1
10831,1,1,1
10832,1,1,1
10833,1,1,1
10834,1,1,1
10835,1,1,1
10836,1,1,1
10837,1,1,1
10838,1,1,1
10839,1,1,1
10840,1,1,1
10841,1,1,1
10842,1,1,1
10843,1,1,1
10844,1,1,1
10845,1,1,1
10846,1,1,1
10847,1,1,1
10848,1,1,1
10849,1,1,1
10850,1,1,1
10851,1,1,1
10852,1,1,1
10853,1,1,1
10854,1,1,1
10855,1,1,1
10856,1,1,1
10857,1,1,1
10858,1,1,1
10859,1,1,1
10860,1,1,1
10861,1,1,1
10862,1,1,1
10863,1,1,1
10864,1,1,1
10865,1,1,1
10866,1,1,1
10867,1,1,1
10868,1,1,1
10869,1,1,1
10870,1,1,1
10871,1,1,1
10872,1,1,1
10873,1,1,1
10874,1,1,1
10875,1,1,1
10876,1,1,1
10877,1,1,1
10878,1,1,1
10879,1,1,1
10880,1,1,1
10881,1,1,1
10882,1,1,1
10883,1,1,1
10884,1,1,1
10885,1,1,1
10886,1,1,1
10887,1,1,1
10888,1,1,1
10889,1,1,1
10890,1,1,1
10891,1,1,1
10892,1,1,1
10893,1,1,1
10894,1,1,1
10895,1,1,1
10896,1,1,1
10897,1,1,1
10898,1,1,1
10899,1,1,1
10900,1,1,1
10901,1,1,1
10902,1,1,1
10903,1,1,1
10904,1,1,1
10905,1,1,1
10906,1,1,1
10907,1,1,1
10908,1,1,1
10909,1,1,1
10910,1,1,1
10911,1,1,1
10912,1,1,1
10913,1,1,1
10914,1,1,1
10915,1,1,1
10916,1,1,1
10917,1,1,1
10918,1,1,1
10919,1,1,1
10920,1,1,1
10921,1,1,1
10922,1,1,1
10923,1,1,1
10924,1,1,1
10925,1,1,1
10926,1,1,1
10927,1,1,1
10928,1,1,1
10929,1,1,1
10930,1,1,1
10931,1,1,1
10932,1,1,1
10933,1,1,1
10934,1,1,1
10935,1,1,1
10936,1,1,1
10937,1,1,1
10938,1,1,1
10939,1,1,1
10940,1,1,1
10941,1,1,1
10942,1,1,1
10943,1,1,1
10944,1,1,1
10945,1,1,1
10946,1,1,1
10947,1,1,1
10948,1,1,1
10949,1,1,1
10950,1,1,1
10951,1,1,1
10952,1,1,1
10953,1,1,1
10954,1,1,1
10955,1,1,1
10956,1,1,1
10957,1,1,1
10958,1,1,1
10959,1,1,1
10960,1,1,1
10961,1,1,1
10962,1,1,1
10963,1,1,1
10964,1,1,1
10965,1,1,1
10966,1,1,1
10967,1,1,1
10968,1,1,1
10969,1,1,1
10970,1,1,1
10971,1,1,1
10972,1,1,1
10973,1,1,1
10974,1,1,1
10975,1,1,1
10976,1,1,1
10977,1,1,1
10978,1,1,1
10979,1,1,1
10980,1,1,1
10981,1,1,1
10982,1,1,1
10983,1,1,1
10984,1,1,1
10985,1,1,1
10986,1,1,1
10987,1,1,1
10988,1,1,1
10989,1,1,1
10990,1,1,1
10991,1,1,1
10992,1,1,1
10993,1,1,1
10994,1,1,1
10995,1,1,1
10996,1,1,1
10997,1,1,1
10998,1,1,1
10999,1,1,1
11000,1,1,1
11001,1,1,1
11002,1,1,1
11003,1,1,1
11004,1,1,1
11005,1,1,1
11006,1,1,1
11007,1,1,1
11008,1,1,1
11009,1,1,1
11010,1,1,1
11011,1,1,1
11012,1,1,1
11013,1,1,1
11014,1,1,1
11015,1,1,1
11016,1,1,1
11017,1,1,1
11018,1,1,1
11019,1,1,1
11020,1,1,1
11021,1,1,1
11022,1,1,1
11023,1,1,1
11024,1,1,1
11025,1,1,1
11026,1,1,1
11027,1,1,1
11028,1,1,1
11029,1,1,1
11030,1,1,1
11031,1,1,1
11032,1,1,1
11033,1,1,1
11034,1,1,1
11035,1,1,1
11036,1,1,1
11037,1,1,1
11038,1,1,1
11039,1,1,1
11040,1,1,1
11041,1,1,1
11042,1,1,1
11043,1,1,1
11044,1,1,1
11045,1,1,1
11046,1,1,1
11047,1,1,1
11048,1,1,1
11049,1,1,1
11050,1,1,1
11051,1,1,1
11052,1,1,1
11053,1,1,1
11054,1,1,1
11055,1,1,1
11056,1,1,1
11057,1,1,1
11058,1,1,1
11059,1,1,1
11060,1,1,1
11061,1,1,1
11062,1,1,1
11063,1,1,1
11064,1,1,1
11065,1,1,1
11066,1,1,1
11067,1,1,1
11068,1,1,1
11069,1,1,1
11070,1,1,1
11071,1,1,1
11072,1,1,1
11073,1,1,1
11074,1,1,1
11075,1,1,1
11076,1,1,1
11077,1,1,1
11078,1,1,1
11079,1,1,1
11080,1,1,1
11081,1,1,1
11082,1,1,1
11083,1,1,1
11084,1,1,1
11085,1,1,1
11086,1,1,1
11087,1,1,1
11088,1,1,1
11089,1,1,1
11090,1,1,1
11091,1,1,1
11092,1,1,1
11093,1,1,1
11094,1,1,1
11095,1,1,1
11096,1,1,1
11097,1,1,1
11098,1,1,1
11099,1,1,1
11100,1,1,1
11101,1,1,1
11102,1,1,1
11103,1,1,1
11104,1,1,1
11105,1,1,1
11106,1,1,1
11107,1,1,1
11108,1,1,1
11109,1,1,1
11110,1,1,1
11111,1,1,1
11112,1,1,1
11113,1,1,1
11114,1,1,1
11115,1,1,1
11116,1,1,1
11117,1,1,1
11118,1,1,1
11119,1,1,1
11120,1,1,1
11121,1,1,1
11122,1,1,1
11123,1,1,1
11124,1,1,1
11125,1,1,1
11126,1,1,1
11127,1,1,1
11128,1,1,1
11129,1,1,1
11130,1,1,1
11131,1,1,1
11132,1,1,1
11133,1,1,1
11134,1,1,1
11135,1,1,1
11136,1,1,1
11137,1,1,1
11138,1,1,1
11139,1,1,1
11140,1,1,1
11141,1,1,1
11142,1,1,1
11143,1,1,1
11144,1,1,1
11145,1,1,1
11146,1,1,1
11147,1,1,1
11148,1,1,1
11149,1,1,1
11150,1,1,1
11151,1,1,1
11152,1,1,1
11153,1,1,1
11154,1,1,1
11155,1,1,1
11156,1,1,1
11157,1,1,1
11158,1,1,1
11159,1,1,1
11160,1,1,1
11161,1,1,1
11162,1,1,1
11163,1,1,1
11164,1,1,1
11165,1,1,1
11166,1,1,1
11167,1,1,1
11168,1,1,1
11169,1,1,1
11170,1,1,1
11171,1,1,1
11172,1,1,1
11173,1,1,1
11174,1,1,1
11175,1,1,1
11176,1,1,1
11177,1,1,1
11178,1,1,1
11179,1,1,1
11180,1,1,1
11181,1,1,1
11182,1,1,1
11183,1,1,1
11184,1,1,1
11185,1,1,1
11186,1,1,1
11187,1,1,1
11188,1,1,1
11189,1,1,1
11190,1,1,1
11191,1,1,1
11192,1,1,1
11193,1,1,1
11194,1,1,1
11195,1,1,1
11196,1,1,1
11197,1,1,1
11198,1,1,1
11199,1,1,1
11200,1,1,1
11201,1,1,1
11202,1,1,1
11203,1,1,1
11204,1,1,1
11205,1,1,1
11206,1,1,1
11207,1,1,1
11208,1,1,1
11209,1,1,1
11210,1,1,1
11211,1,1,1
11212,1,1,1
11213,1,1,1
11214,1,1,1
11215,1,1,1
11216,1,1,1
11217,1,1,1
11218,1,1,1
11219,1,1,1
11220,1,1,1
11221,1,1,1
11222,1,1,1
11223,1,1,1
11224,1,1,1
11225,1,1,1
11226,1,1,1
11227,1,1,1
11228,1,1,1
11229,1,1,1
11230,1,1,1
11231,1,1,1
11232,1,1,1
11233,1,1,1
11234,1,1,1
11235,1,1,1
11236,1,1,1
11237,1,1,1
11238,1,1,1
11239,1,1,1
11240,1,1,1
11241,1,1,1
11242,1,1,1
11243,1,1,1
11244,1,1,1
11245,1,1,1
11246,1,1,1
11247,1,1,1
11248,1,1,1
11249,1,1,1
11250,1,1,1
11251,1,1,1
11252,1,1,1
11253,1,1,1
11254,1,1,1
11255,1,1,1
11256,1,1,1
11257,1,1,1
11258,1,1,1
11259,1,1,1
11260,1,1,1
11261,1,1,1
11262,1,1,1
11263,1,1,1
11264,1,1,1
11265,1,1,1
11266,1,1,1
11267,1,1,1
11268,1,1,1
11269,1,1,1
11270,1,1,1
11271,1,1,1
11272,1,1,1
11273,1,1,1
11274,1,1,1
11275,1,1,1
11276,1,1,1
11277,1,1,1
11278,1,1,1
11279,1,1,1
11280,1,1,1
11281,1,1,1
11282,1,1,1
11283,1,1,1
11284,1,1,1
11285,1,1,1
11286,1,1,1
11287,1,1,1
11288,1,1,1
11289,1,1,1
11290,1,1,1
11291,1,1,1
11292,1,1,1
11293,1,1,1
11294,1,1,1
11295,1,1,1
11296,1,1,1
11297,1,1,1
11298,1,1,1
11299,1,1,1
11300,1,1,1
11301,1,1,1
11302,1,1,1
11303,1,1,1
11304,1,1,1
11305,1,1,1
11306,1,1,1
11307,1,1,1
11308,1,1,1
11309,1,1,1
11310,1,1,1
11311,1,1,1
11312,1,1,1
11313,1,1,1
11314,1,1,1
11315,1,1,1
11316,1,1,1
11317,1,1,1
11318,1,1,1
11319,1,1,1
11320,1,1,1
11321,1,1,1
11322,1,1,1
11323,1,1,1
11324,1,1,1
11325,1,1,1
11326,1,1,1
11327,1,1,1
11328,1,1,1
11329,1,1,1
11330,1,1,1
11331,1,1,1
11332,1,1,1
11333,1,1,1
11334,1,1,1
11335,1,1,1
11336,1,1,1
11337,1,1,1
11338,1,1,1
11339,1,1,1
11340,1,1,1
11341,1,1,1
11342,1,1,1
11343,1,1,1
11344,1,1,1
11345,1,1,1
11346,1,1,1
11347,1,1,1
11348,1,1,1
11349,1,1,1
11350,1,1,1
11351,1,1,1
11352,1,1,1
11353,1,1,1
11354,1,1,1
11355,1,1,1
11356,1,1,1
11357,1,1,1
11358,1,1,1
11359,1,1,1
11360,1,1,1
11361,1,1,1
11362,1,1,1
11363,1,1,1
11364,1,1,1
11365,1,1,1
11366,1,1,1
11367,1,1,1
11368,1,1,1
11369,1,1,1
11370,1,1,1
11371,1,1,1
11372,1,1,1
11373,1,1,1
11374,1,1,1
11375,1,1,1
11376,1,1,1
11377,1,1,1
11378,1,1,1
11379,1,1,1
11380,1,1,1
11381,1,1,1
11382,1,1,1
11383,1,1,1
11384,1,1,1
11385,1,1,1
11386,1,1,1
11387,1,1,1
11388,1,1,1
11389,1,1,1
11390,1,1,1
11391,1,1,1
11392,1,1,1
11393,1,1,1
11394,1,1,1
11395,1,1,1
11396,1,1,1
11397,1,1,1
11398,1,1,1
11399,1,1,1
11400,1,1,1
11401,1,1,1
11402,1,1,1
11403,1,1,1
11404,1,1,1
11405,1,1,1
11406,1,1,1
11407,1,1,1
11408,1,1,1
11409,1,1,1
11410,1,1,1
11411,1,1,1
11412,1,1,1
11413,1,1,1
11414,1,1,1
11415,1,1,1
11416,1,1,1
11417,1,1,1
11418,1,1,1
11419,1,1,1
11420,1,1,1
11421,1,1,1
11422,1,1,1
11423,1,1,1
11424,1,1,1
11425,1,1,1
11426,1,1,1
11427,1,1,1
11428,1,1,1
11429,1,1,1
11430,1,1,1
11431,1,1,1
11432,1,1,1
11433,1,1,1
11434,1,1,1
11435,1,1,1
11436,1,1,1
11437,1,1,1
11438,1,1,1
11439,1,1,1
11440,1,1,1
11441,1,1,1
11442,1,1,1
11443,1,1,1
11444,1,1,1
11445,1,1,1
11446,1,1,1
11447,1,1,1
11448,1,1,1
11449,1,1,1
11450,1,1,1
11451,1,1,1
11452,1,1,1
11453,1,1,1
11454,1,1,1
11455,1,1,1
11456,1,1,1
11457,1,1,1
11458,1,1,1
11459,1,1,1
11460,1,1,1
11461,1,1,1
11462,1,1,1
11463,1,1,1
11464,1,1,1
11465,1,1,1
11466,1,1,1
11467,1,1,1
11468,1,1,1
11469,1,1,1
11470,1,1,1
11471,1,1,1
11472,1,1,1
11473,1,1,1
11474,1,1,1
11475,1,1,1
11476,1,1,1
11477,1,1,1
11478,1,1,1
11479,1,1,1
11480,1,1,1
11481,1,1,1
11482,1,1,1
11483,1,1,1
11484,1,1,1
11485,1,1,1
11486,1,1,1
11487,1,1,1
11488,1,1,1
11489,1,1,1
11490,1,1,1
11491,1,1,1
11492,1,1,1
11493,1,1,1
11494,1,1,1
11495,1,1,1
11496,1,1,1
11497,1,1,1
11498,1,1,1
11499,1,1,1
11500,1,1,1
11501,1,1,1
11502,1,1,1
11503,1,1,1
11504,1,1,1
11505,1,1,1
11506,1,1,1
11507,1,1,1
11508,1,1,1
11509,1,1,1
11510,1,1,1
11511,1,1,1
11512,1,1,1
11513,1,1,1
11514,1,1,1
11515,1,1,1
11516,1,1,1
11517,1,1,1
11518,1,1,1
11519,1,1,1
11520,1,1,1
11521,1,1,1
11522,1,1,1
11523,1,1,1
11524,1,1,1
11525,1,1,1
11526,1,1,1
11527,1,1,1
11528,1,1,1
11529,1,1,1
11530,1,1,1
11531,1,1,1
11532,1,1,1
11533,1,1,1
11534,1,1,1
11535,1,1,1
11536,1,1,1
11537,1,1,1
11538,1,1,1
11539,1,1,1
11540,1,1,1
11541,1,1,1
11542,1,1,1
11543,1,1,1
11544,1,1,1
11545,1,1,1
11546,1,1,1
11547,1,1,1
11548,1,1,1
11549,1,1,1
11550,1,1,1
11551,1,1,1
11552,1,1,1
11553,1,1,1
11554,1,1,1
11555,1,1,1
11556,1,1,1
11557,1,1,1
11558,1,1,1
11559,1,1,1
11560,1,1,1
11561,1,1,1
11562,1,1,1
11563,1,1,1
11564,1,1,1
11565,1,1,1
11566,1,1,1
11567,1,1,1
11568,1,1,1
11569,1,1,1
11570,1,1,1
11571,1,1,1
11572,1,1,1
11573,1,1,1
11574,1,1,1
11575,1,1,1
11576,1,1,1
11577,1,1,1
11578,1,1,1
11579,1,1,1
11580,1,1,1
11581,1,1,1
11582,1,1,1
11583,1,1,1
11584,1,1,1
11585,1,1,1
11586,1,1,1
11587,1,1,1
11588,1,1,1
11589,1,1,1
11590,1,1,1
11591,1,1,1
11592,1,1,1
11593,1,1,1
11594,1,1,1
11595,1,1,1
11596,1,1,1
11597,1,1,1
11598,1,1,1
11599,1,1,1
11600,1,1,1
11601,1,1,1
11602,1,1,1
11603,1,1,1
11604,1,1,1
11605,1,1,1
11606,1,1,1
11607,1,1,1
11608,1,1,1
11609,1,1,1
11610,1,1,1
11611,1,1,1
11612,1,1,1
11613,1,1,1
11614,1,1,1
11615,1,1,1
11616,1,1,1
11617,1,1,1
11618,1,1,1
11619,1,1,1
11620,1,1,1
11621,1,1,1
11622,1,1,1
11623,1,1,1
11624,1,1,1
11625,1,1,1
11626,1,1,1
11627,1,1,1
11628,1,1,1
11629,1,1,1
11630,1,1,1
11631,1,1,1
11632,1,1,1
11633,1,1,1
11634,1,1,1
11635,1,1,1
11636,1,1,1
11637,1,1,1
11638,1,1,1
11639,1,1,1
11640,1,1,1
11641,1,1,1
11642,1,1,1
11643,1,1,1
11644,1,1,1
11645,1,1,1
11646,1,1,1
11647,1,1,1
11648,1,1,1
11649,1,1,1
11650,1,1,1
11651,1,1,1
11652,1,1,1
11653,1,1,1
11654,1,1,1
11655,1,1,1
11656,1,1,1
11657,1,1,1
11658,1,1,1
11659,1,1,1
11660,1,1,1
11661,1,1,1
11662,1,1,1
11663,1,1,1
11664,1,1,1
11665,1,1,1
11666,1,1,1
11667,1,1,1
11668,1,1,1
11669,1,1,1
11670,1,1,1
11671,1,1,1
11672,1,1,1
11673,1,1,1
11674,1,1,1
11675,1,1,1
11676,1,1,1
11677,1,1,1
11678,1,1,1
11679,1,1,1
11680,1,1,1
11681,1,1,1
11682,1,1,1
11683,1,1,1
11684,1,1,1
11685,1,1,1
11686,1,1,1
11687,1,1,1
11688,1,1,1
11689,1,1,1
11690,1,1,1
11691,1,1,1
11692,1,1,1
11693,1,1,1
11694,1,1,1
11695,1,1,1
11696,1,1,1
11697,1,1,1
11698,1,1,1
11699,1,1,1
11700,1,1,1
11701,1,1,1
11702,1,1,1
11703,1,1,1
11704,1,1,1
11705,1,1,1
11706,1,1,1
11707,1,1,1
11708,1,1,1
11709,1,1,1
11710,1,1,1
11711,1,1,1
11712,1,1,1
11713,1,1,1
11714,1,1,1
11715,1,1,1
11716,1,1,1
11717,1,1,1
11718,1,1,1
11719,1,1,1
11720,1,1,1
11721,1,1,1
11722,1,1,1
11723,1,1,1
11724,1,1,1
11725,1,1,1
11726,1,1,1
11727,1,1,1
11728,1,1,1
11729,1,1,1
11730,1,1,1
11731,1,1,1
11732,1,1,1
11733,1,1,1
11734,1,1,1
11735,1,1,1
11736,1,1,1
11737,1,1,1
11738,1,1,1
11739,1,1,1
11740,1,1,1
11741,1,1,1
11742,1,1,1
11743,1,1,1
11744,1,1,1
11745,1,1,1
11746,1,1,1
11747,1,1,1
11748,1,1,1
11749,1,1,1
11750,1,1,1
11751,1,1,1
11752,1,1,1
11753,1,1,1
11754,1,1,1
11755,1,1,1
11756,1,1,1
11757,1,1,1
11758,1,1,1
11759,1,1,1
11760,1,1,1
11761,1,1,1
11762,1,1,1
11763,1,1,1
11764,1,1,1
11765,1,1,1
11766,1,1,1
11767,1,1,1
11768,1,1,1
11769,1,1,1
11770,1,1,1
11771,1,1,1
11772,1,1,1
11773,1,1,1
11774,1,1,1
11775,1,1,1
11776,1,1,1
11777,1,1,1
11778,1,1,1
11779,1,1,1
11780,1,1,1
11781,1,1,1
11782,1,1,1
11783,1,1,1
11784,1,1,1
11785,1,1,1
11786,1,1,1
11787,1,1,1
11788,1,1,1
11789,1,1,1
11790,1,1,1
11791,1,1,1
11792,1,1,1
11793,1,1,1
11794,1,1,1
11795,1,1,1
11796,1,1,1
11797,1,1,1
11798,1,1,1
11799,1,1,1
11800,1,1,1
11801,1,1,1
11802,1,1,1
11803,1,1,1
11804,1,1,1
11805,1,1,1
11806,1,1,1
11807,1,1,1
11808,1,1,1
11809,1,1,1
11810,1,1,1
11811,1,1,1
11812,1,1,1
11813,1,1,1
11814,1,1,1
11815,1,1,1
11816,1,1,1
11817,1,1,1
11818,1,1,1
11819,1,1,1
11820,1,1,1
11821,1,1,1
11822,1,1,1
11823,1,1,1
11824,1,1,1
11825,1,1,1
11826,1,1,1
11827,1,1,1
11828,1,1,1
11829,1,1,1
11830,1,1,1
11831,1,1,1
11832,1,1,1
11833,1,1,1
11834,1,1,1
11835,1,1,1
11836,1,1,1
11837,1,1,1
11838,1,1,1
11839,1,1,1
11840,1,1,1
11841,1,1,1
11842,1,1,1
11843,1,1,1
11844,1,1,1
11845,1,1,1
11846,1,1,1
11847,1,1,1
11848,1,1,1
11849,1,1,1
11850,1,1,1
11851,1,1,1
11852,1,1,1
11853,1,1,1
11854,1,1,1
11855,1,1,1
11856,1,1,1
11857,1,1,1
11858,1,1,1
11859,1,1,1
11860,1,1,1
11861,1,1,1
11862,1,1,1
11863,1,1,1
11864,1,1,1
11865,1,1,1
11866,1,1,1
11867,1,1,1
11868,1,1,1
11869,1,1,1
11870,1,1,1
11871,1,1,1
11872,1,1,1
11873,1,1,1
11874,1,1,1
11875,1,1,1
11876,1,1,1
11877,1,1,1
11878,1,1,1
11879,1,1,1
11880,1,1,1
11881,1,1,1
11882,1,1,1
11883,1,1,1
11884,1,1,1
11885,1,1,1
11886,1,1,1
11887,1,1,1
11888,1,1,1
11889,1,1,1
11890,1,1,1
11891,1,1,1
11892,1,1,1
11893,1,1,1
11894,1,1,1
11895,1,1,1
11896,1,1,1
11897,1,1,1
11898,1,1,1
11899,1,1,1
11900,1,1,1
11901,1,1,1
11902,1,1,1
11903,1,1,1
11904,1,1,1
11905,1,1,1
11906,1,1,1
11907,1,1,1
11908,1,1,1
11909,1,1,1
11910,1,1,1
11911,1,1,1
11912,1,1,1
11913,1,1,1
11914,1,1,1
11915,1,1,1
11916,1,1,1
11917,1,1,1
11918,1,1,1
11919,1,1,1
11920,1,1,1
11921,1,1,1
11922,1,1,1
11923,1,1,1
11924,1,1,1
11925,1,1,1
11926,1,1,1
11927,1,1,1
11928,1,1,1
11929,1,1,1
11930,1,1,1
11931,1,1,1
11932,1,1,1
11933,1,1,1
11934,1,1,1
11935,1,1,1
11936,1,1,1
11937,1,1,1
11938,1,1,1
11939,1,1,1
11940,1,1,1
11941,1,1,1
11942,1,1,1
11943,1,1,1
11944,1,1,1
11945,1,1,1
11946,1,1,1
11947,1,1,1
11948,1,1,1
11949,1,1,1
11950,1,1,1
11951,1,1,1
11952,1,1,1
11953,1,1,1
11954,1,1,1
11955,1,1,1
11956,1,1,1
11957,1,1,1
11958,1,1,1
11959,1,1,1
11960,1,1,1
11961,1,1,1
11962,1,1,1
11963,1,1,1
11964,1,1,1
11965,1,1,1
11966,1,1,1
11967,1,1,1
11968,1,1,1
11969,1,1,1
11970,1,1,1
11971,1,1,1
11972,1,1,1
11973,1,1,1
11974,1,1,1
11975,1,1,1
11976,1,1,1
11977,1,1,1
11978,1,1,1
11979,1,1,1
11980,1,1,1
11981,1,1,1
11982,1,1,1
11983,1,1,1
11984,1,1,1
11985,1,1,1
11986,1,1,1
11987,1,1,1
11988,1,1,1
11989,1,1,1
11990,1,1,1
11991,1,1,1
11992,1,1,1
11993,1,1,1
11994,1,1,1
11995,1,1,1
11996,1,1,1
11997,1,1,1
11998,1,1,1
11999,1,1,1
12000,1,1,1
12001,1,1,1
12002,1,1,1
12003,1,1,1
12004,1,1,1
12005,1,1,1
12006,1,1,1
12007,1,1,1
12008,1,1,1
12009,1,1,1
12010,1,1,1
12011,1,1,1
12012,1,1,1
12013,1,1,1
12014,1,1,1
12015,1,1,1
12016,1,1,1
12017,1,1,1
12018,1,1,1
12019,1,1,1
12020,1,1,1
12021,1,1,1
12022,1,1,1
12023,1,1,1
12024,1,1,1
12025,1,1,1
12026,1,1,1
12027,1,1,1
12028,1,1,1
12029,1,1,1
12030,1,1,1
12031,1,1,1
12032,1,1,1
12033,1,1,1
12034,1,1,1
12035,1,1,1
12036,1,1,1
12037,1,1,1
12038,1,1,1
12039,1,1,1
12040,1,1,1
12041,1,1,1
12042,1,1,1
12043,1,1,1
12044,1,1,1
12045,1,1,1
12046,1,1,1
12047,1,1,1
12048,1,1,1
12049,1,1,1
12050,1,1,1
12051,1,1,1
12052,1,1,1
12053,1,1,1
12054,1,1,1
12055,1,1,1
12056,1,1,1
12057,1,1,1
12058,1,1,1
12059,1,1,1
12060,1,1,1
12061,1,1,1
12062,1,1,1
12063,1,1,1
12064,1,1,1
12065,1,1,1
12066,1,1,1
12067,1,1,1
12068,1,1,1
12069,1,1,1
12070,1,1,1
12071,1,1,1
12072,1,1,1
12073,1,1,1
12074,1,1,1
12075,1,1,1
12076,1,1,1
12077,1,1,1
12078,1,1,1
12079,1,1,1
12080,1,1,1
12081,1,1,1
12082,1,1,1
12083,1,1,1
12084,1,1,1
12085,1,1,1
12086,1,1,1
12087,1,1,1
12088,1,1,1
12089,1,1,1
12090,1,1,1
12091,1,1,1
12092,1,1,1
12093,1,1,1
12094,1,1,1
12095,1,1,1
12096,1,1,1
12097,1,1,1
12098,1,1,1
12099,1,1,1
12100,1,1,1
12101,1,1,1
12102,1,1,1
12103,1,1,1
12104,1,1,1
12105,1,1,1
12106,1,1,1
12107,1,1,1
12108,1,1,1
12109,1,1,1
12110,1,1,1
12111,1,1,1
12112,1,1,1
12113,1,1,1
12114,1,1,1
12115,1,1,1
12116,1,1,1
12117,1,1,1
12118,1,1,1
12119,1,1,1
12120,1,1,1
12121,1,1,1
12122,1,1,1
12123,1,1,1
12124,1,1,1
12125,1,1,1
12126,1,1,1
12127,1,1,1
12128,1,1,1
12129,1,1,1
12130,1,1,1
12131,1,1,1
12132,1,1,1
12133,1,1,1
12134,1,1,1
12135,1,1,1
12136,1,1,1
12137,1,1,1
12138,1,1,1
12139,1,1,1
12140,1,1,1
12141,1,1,1
12142,1,1,1
12143,1,1,1
12144,1,1,1
12145,1,1,1
12146,1,1,1
12147,1,1,1
12148,1,1,1
12149,1,1,1
12150,1,1,1
12151,1,1,1
12152,1,1,1
12153,1,1,1
12154,1,1,1
12155,1,1,1
12156,1,1,1
12157,1,1,1
12158,1,1,1
12159,1,1,1
12160,1,1,1
12161,1,1,1
12162,1,1,1
12163,1,1,1
12164,1,1,1
12165,1,1,1
12166,1,1,1
12167,1,1,1
12168,1,1,1
12169,1,1,1
12170,1,1,1
12171,1,1,1
12172,1,1,1
12173,1,1,1
12174,1,1,1
12175,1,1,1
12176,1,1,1
12177,1,1,1
12178,1,1,1
12179,1,1,1
12180,1,1,1
12181,1,1,1
12182,1,1,1
12183,1,1,1
12184,1,1,1
12185,1,1,1
12186,1,1,1
12187,1,1,1
12188,1,1,1
12189,1,1,1
12190,1,1,1
12191,1,1,1
12192,1,1,1
12193,1,1,1
12194,1,1,1
12195,1,1,1
12196,1,1,1
12197,1,1,1
12198,1,1,1
12199,1,1,1
12200,1,1,1
12201,1,1,1
12202,1,1,1
12203,1,1,1
12204,1,1,1
12205,1,1,1
12206,1,1,1
12207,1,1,1
12208,1,1,1
12209,1,1,1
12210,1,1,1
12211,1,1,1
12212,1,1,1
12213,1,1,1
12214,1,1,1
12215,1,1,1
12216,1,1,1
12217,1,1,1
12218,1,1,1
12219,1,1,1
12220,1,1,1
12221,1,1,1
12222,1,1,1
12223,1,1,1
12224,1,1,1
12225,1,1,1
12226,1,1,1
12227,1,1,1
12228,1,1,1
12229,1,1,1
12230,1,1,1
12231,1,1,1
12232,1,1,1
12233,1,1,1
12234,1,1,1
12235,1,1,1
12236,1,1,1
12237,1,1,1
12238,1,1,1
12239,1,1,1
12240,1,1,1
12241,1,1,1
12242,1,1,1
12243,1,1,1
12244,1,1,1
12245,1,1,1
12246,1,1,1
12247,1,1,1
12248,1,1,1
12249,1,1,1
12250,1,1,1
12251,1,1,1
12252,1,1,1
12253,1,1,1
12254,1,1,1
12255,1,1,1
12256,1,1,1
12257,1,1,1
12258,1,1,1
12259,1,1,1
12260,1,1,1
12261,1,1,1
12262,1,1,1
12263,1,1,1
12264,1,1,1
12265,1,1,1
12266,1,1,1
12267,1,1,1
12268,1,1,1
12269,1,1,1
12270,1,1,1
12271,1,1,1
12272,1,1,1
12273,1,1,1
12274,1,1,1
12275,1,1,1
12276,1,1,1
12277,1,1,1
12278,1,1,1
12279,1,1,1
12280,1,1,1
12281,1,1,1
12282,1,1,1
12283,1,1,1
12284,1,1,1
12285,1,1,1
12286,1,1,1
12287,1,1,1
12288,1,1,1
12289,1,1,1
12290,1,1,1
12291,1,1,1
12292,1,1,1
12293,1,1,1
12294,1,1,1
12295,1,1,1
12296,1,1,1
12297,1,1,1
12298,1,1,1
12299,1,1,1
12300,1,1,1
12301,1,1,1
12302,1,1,1
12303,1,1,1
12304,1,1,1
12305,1,1,1
12306,1,1,1
12307,1,1,1
12308,1,1,1
12309,1,1,1
12310,1,1,1
12311,1,1,1
12312,1,1,1
12313,1,1,1
12314,1,1,1
12315,1,1,1
12316,1,1,1
12317,1,1,1
12318,1,1,1
12319,1,1,1
12320,1,1,1
12321,1,1,1
12322,1,1,1
12323,1,1,1
12324,1,1,1
12325,1,1,1
12326,1,1,1
12327,1,1,1
12328,1,1,1
12329,1,1,1
12330,1,1,1
12331,1,1,1
12332,1,1,1
12333,1,1,1
12334,1,1,1
12335,1,1,1
12336,1,1,1
12337,1,1,1
12338,1,1,1
12339,1,1,1
12340,1,1,1
12341,1,1,1
12342,1,1,1
12343,1,1,1
12344,1,1,1
12345,1,1,1
12346,1,1,1
12347,1,1,1
12348,1,1,1
12349,1,1,1
12350,1,1,1
12351,1,1,1
12352,1,1,1
12353,1,1,1
12354,1,1,1
12355,1,1,1
12356,1,1,1
12357,1,1,1
12358,1,1,1
12359,1,1,1
12360,1,1,1
12361,1,1,1
12362,1,1,1
12363,1,1,1
12364,1,1,1
12365,1,1,1
12366,1,1,1
12367,1,1,1
12368,1,1,1
12369,1,1,1
12370,1,1,1
12371,1,1,1
12372,1,1,1
12373,1,1,1
12374,1,1,1
12375,1,1,1
12376,1,1,1
12377,1,1,1
12378,1,1,1
12379,1,1,1
12380,1,1,1
12381,1,1,1
12382,1,1,1
12383,1,1,1
12384,1,1,1
12385,1,1,1
12386,1,1,1
12387,1,1,1
12388,1,1,1
12389,1,1,1
12390,1,1,1
12391,1,1,1
12392,1,1,1
12393,1,1,1
12394,1,1,1
12395,1,1,1
12396,1,1,1
12397,1,1,1
12398,1,1,1
12399,1,1,1
12400,1,1,1
12401,1,1,1
12402,1,1,1
12403,1,1,1
12404,1,1,1
12405,1,1,1
12406,1,1,1
12407,1,1,1
12408,1,1,1
12409,1,1,1
12410,1,1,1
12411,1,1,1
12412,1,1,1
12413,1,1,1
12414,1,1,1
12415,1,1,1
12416,1,1,1
12417,1,1,1
12418,1,1,1
12419,1,1,1
12420,1,1,1
12421,1,1,1
12422,1,1,1
12423,1,1,1
12424,1,1,1
12425,1,1,1
12426,1,1,1
12427,1,1,1
12428,1,1,1
12429,1,1,1
12430,1,1,1
12431,1,1,1
12432,1,1,1
12433,1,1,1
12434,1,1,1
12435,1,1,1
12436,1,1,1
12437,1,1,1
12438,1,1,1
12439,1,1,1
12440,1,1,1
12441,1,1,1
12442,1,1,1
12443,1,1,1
12444,1,1,1
12445,1,1,1
12446,1,1,1
12447,1,1,1
12448,1,1,1
12449,1,1,1
12450,1,1,1
12451,1,1,1
12452,1,1,1
12453,1,1,1
12454,1,1,1
12455,1,1,1
12456,1,1,1
12457,1,1,1
12458,1,1,1
12459,1,1,1
12460,1,1,1
12461,1,1,1
12462,1,1,1
12463,1,1,1
12464,1,1,1
12465,1,1,1
12466,1,1,1
12467,1,1,1
12468,1,1,1
12469,1,1,1
12470,1,1,1
12471,1,1,1
12472,1,1,1
12473,1,1,1
12474,1,1,1
12475,1,1,1
12476,1,1,1
12477,1,1,1
12478,1,1,1
12479,1,1,1
12480,1,1,1
12481,1,1,1
12482,1,1,1
12483,1,1,1
12484,1,1,1
12485,1,1,1
12486,1,1,1
12487,1,1,1
12488,1,1,1
12489,1,1,1
12490,1,1,1
12491,1,1,1
12492,1,1,1
12493,1,1,1
12494,1,1,1
12495,1,1,1
12496,1,1,1
12497,1,1,1
12498,1,1,1
12499,1,1,1
12500,1,1,1
12501,1,1,1
12502,1,1,1
12503,1,1,1
12504,1,1,1
12505,1,1,1
12506,1,1,1
12507,1,1,1
12508,1,1,1
12509,1,1,1
12510,1,1,1
12511,1,1,1
12512,1,1,1
12513,1,1,1
12514,1,1,1
12515,1,1,1
12516,1,1,1
12517,1,1,1
12518,1,1,1
12519,1,1,1
12520,1,1,1
12521,1,1,1
12522,1,1,1
12523,1,1,1
12524,1,1,1
12525,1,1,1
12526,1,1,1
12527,1,1,1
12528,1,1,1
12529,1,1,1
12530,1,1,1
12531,1,1,1
12532,1,1,1
12533,1,1,1
12534,1,1,1
12535,1,1,1
12536,1,1,1
12537,1,1,1
12538,1,1,1
12539,1,1,1
12540,1,1,1
12541,1,1,1
12542,1,1,1
12543,1,1,1
12544,1,1,1
12545,1,1,1
12546,1,1,1
12547,1,1,1
12548,1,1,1
12549,1,1,1
12550,1,1,1
12551,1,1,1
12552,1,1,1
12553,1,1,1
12554,1,1,1
12555,1,1,1
12556,1,1,1
12557,1,1,1
12558,1,1,1
12559,1,1,1
12560,1,1,1
12561,1,1,1
12562,1,1,1
12563,1,1,1
12564,1,1,1
12565,1,1,1
12566,1,1,1
12567,1,1,1
12568,1,1,1
12569,1,1,1
12570,1,1,1
12571,1,1,1
12572,1,1,1
12573,1,1,1
12574,1,1,1
12575,1,1,1
12576,1,1,1
12577,1,1,1
12578,1,1,1
12579,1,1,1
12580,1,1,1
12581,1,1,1
12582,1,1,1
12583,1,1,1
12584,1,1,1
12585,1,1,1
12586,1,1,1
12587,1,1,1
12588,1,1,1
12589,1,1,1
12590,1,1,1
12591,1,1,1
12592,1,1,1
12593,1,1,1
12594,1,1,1
12595,1,1,1
12596,1,1,1
12597,1,1,1
12598,1,1,1
12599,1,1,1
12600,1,1,1
12601,1,1,1
12602,1,1,1
12603,1,1,1
12604,1,1,1
12605,1,1,1
12606,1,1,1
12607,1,1,1
12608,1,1,1
12609,1,1,1
12610,1,1,1
12611,1,1,1
12612,1,1,1
12613,1,1,1
12614,1,1,1
12615,1,1,1
12616,1,1,1
12617,1,1,1
12618,1,1,1
12619,1,1,1
12620,1,1,1
12621,1,1,1
12622,1,1,1
12623,1,1,1
12624,1,1,1
12625,1,1,1
12626,1,1,1
12627,1,1,1
12628,1,1,1
12629,1,1,1
12630,1,1,1
12631,1,1,1
12632,1,1,1
12633,1,1,1
12634,1,1,1
12635,1,1,1
12636,1,1,1
12637,1,1,1
12638,1,1,1
12639,1,1,1
12640,1,1,1
12641,1,1,1
12642,1,1,1
12643,1,1,1
12644,1,1,1
12645,1,1,1
12646,1,1,1
12647,1,1,1
12648,1,1,1
12649,1,1,1
12650,1,1,1
12651,1,1,1
12652,1,1,1
12653,1,1,1
12654,1,1,1
12655,1,1,1
12656,1,1,1
12657,1,1,1
12658,1,1,1
12659,1,1,1
12660,1,1,1
12661,1,1,1
12662,1,1,1
12663,1,1,1
12664,1,1,1
12665,1,1,1
12666,1,1,1
12667,1,1,1
12668,1,1,1
12669,1,1,1
12670,1,1,1
12671,1,1,1
12672,1,1,1
12673,1,1,1
12674,1,1,1
12675,1,1,1
12676,1,1,1
12677,1,1,1
12678,1,1,1
12679,1,1,1
12680,1,1,1
12681,1,1,1
12682,1,1,1
12683,1,1,1
12684,1,1,1
12685,1,1,1
12686,1,1,1
12687,1,1,1
12688,1,1,1
12689,1,1,1
12690,1,1,1
12691,1,1,1
12692,1,1,1
12693,1,1,1
12694,1,1,1
12695,1,1,1
12696,1,1,1
12697,1,1,1
12698,1,1,1
12699,1,1,1
12700,1,1,1
12701,1,1,1
12702,1,1,1
12703,1,1,1
12704,1,1,1
12705,1,1,1
12706,1,1,1
12707,1,1,1
12708,1,1,1
12709,1,1,1
12710,1,1,1
12711,1,1,1
12712,1,1,1
12713,1,1,1
12714,1,1,1
12715,1,1,1
12716,1,1,1
12717,1,1,1
12718,1,1,1
12719,1,1,1
12720,1,1,1
12721,1,1,1
12722,1,1,1
12723,1,1,1
12724,1,1,1
12725,1,1,1
12726,1,1,1
12727,1,1,1
12728,1,1,1
12729,1,1,1
12730,1,1,1
12731,1,1,1
12732,1,1,1
12733,1,1,1
12734,1,1,1
12735,1,1,1
12736,1,1,1
12737,1,1,1
12738,1,1,1
12739,1,1,1
12740,1,1,1
12741,1,1,1
12742,1,1,1
12743,1,1,1
12744,1,1,1
12745,1,1,1
12746,1,1,1
12747,1,1,1
12748,1,1,1
12749,1,1,1
12750,1,1,1
12751,1,1,1
12752,1,1,1
12753,1,1,1
12754,1,1,1
12755,1,1,1
12756,1,1,1
12757,1,1,1
12758,1,1,1
12759,1,1,1
12760,1,1,1
12761,1,1,1
12762,1,1,1
12763,1,1,1
12764,1,1,1
12765,1,1,1
12766,1,1,1
12767,1,1,1
12768,1,1,1
12769,1,1,1
12770,1,1,1
12771,1,1,1
12772,1,1,1
12773,1,1,1
12774,1,1,1
12775,1,1,1
12776,1,1,1
12777,1,1,1
12778,1,1,1
12779,1,1,1
12780,1,1,1
12781,1,1,1
12782,1,1,1
12783,1,1,1
12784,1,1,1
12785,1,1,1
12786,1,1,1
12787,1,1,1
12788,1,1,1
12789,1,1,1
12790,1,1,1
12791,1,1,1
12792,1,1,1
12793,1,1,1
12794,1,1,1
12795,1,1,1
12796,1,1,1
12797,1,1,1
12798,1,1,1
12799,1,1,1
12800,1,1,1
12801,1,1,1
12802,1,1,1
12803,1,1,1
12804,1,1,1
12805,1,1,1
12806,1,1,1
12807,1,1,1
12808,1,1,1
12809,1,1,1
12810,1,1,1
12811,1,1,1
12812,1,1,1
12813,1,1,1
12814,1,1,1
12815,1,1,1
12816,1,1,1
12817,1,1,1
12818,1,1,1
12819,1,1,1
12820,1,1,1
12821,1,1,1
12822,1,1,1
12823,1,1,1
12824,1,1,1
12825,1,1,1
12826,1,1,1
12827,1,1,1
12828,1,1,1
12829,1,1,1
12830,1,1,1
12831,1,1,1
12832,1,1,1
12833,1,1,1
12834,1,1,1
12835,1,1,1
12836,1,1,1
12837,1,1,1
12838,1,1,1
12839,1,1,1
12840,1,1,1
12841,1,1,1
12842,1,1,1
12843,1,1,1
12844,1,1,1
12845,1,1,1
12846,1,1,1
12847,1,1,1
12848,1,1,1
12849,1,1,1
12850,1,1,1
12851,1,1,1
12852,1,1,1
12853,1,1,1
12854,1,1,1
12855,1,1,1
12856,1,1,1
12857,1,1,1
12858,1,1,1
12859,1,1,1
12860,1,1,1
12861,1,1,1
12862,1,1,1
12863,1,1,1
12864,1,1,1
12865,1,1,1
12866,1,1,1
12867,1,1,1
12868,1,1,1
12869,1,1,1
12870,1,1,1
12871,1,1,1
12872,1,1,1
12873,1,1,1
12874,1,1,1
12875,1,1,1
12876,1,1,1
12877,1,1,1
12878,1,1,1
12879,1,1,1
12880,1,1,1
12881,1,1,1
12882,1,1,1
12883,1,1,1
12884,1,1,1
12885,1,1,1
12886,1,1,1
12887,1,1,1
12888,1,1,1
12889,1,1,1
12890,1,1,1
12891,1,1,1
12892,1,1,1
12893,1,1,1
12894,1,1,1
12895,1,1,1
12896,1,1,1
12897,1,1,1
12898,1,1,1
12899,1,1,1
12900,1,1,1
12901,1,1,1
12902,1,1,1
12903,1,1,1
12904,1,1,1
12905,1,1,1
12906,1,1,1
12907,1,1,1
12908,1,1,1
12909,1,1,1
12910,1,1,1
12911,1,1,1
12912,1,1,1
12913,1,1,1
12914,1,1,1
12915,1,1,1
12916,1,1,1
12917,1,1,1
12918,1,1,1
12919,1,1,1
12920,1,1,1
12921,1,1,1
12922,1,1,1
12923,1,1,1
12924,1,1,1
12925,1,1,1
12926,1,1,1
12927,1,1,1
12928,1,1,1
12929,1,1,1
12930,1,1,1
12931,1,1,1
12932,1,1,1
12933,1,1,1
12934,1,1,1
12935,1,1,1
12936,1,1,1
12937,1,1,1
12938,1,1,1
12939,1,1,1
12940,1,1,1
12941,1,1,1
12942,1,1,1
12943,1,1,1
12944,1,1,1
12945,1,1,1
12946,1,1,1
12947,1,1,1
12948,1,1,1
12949,1,1,1
12950,1,1,1
12951,1,1,1
12952,1,1,1
12953,1,1,1
12954,1,1,1
12955,1,1,1
12956,1,1,1
12957,1,1,1
12958,1,1,1
12959,1,1,1
12960,1,1,1
12961,1,1,1
12962,1,1,1
12963,1,1,1
12964,1,1,1
12965,1,1,1
12966,1,1,1
12967,1,1,1
12968,1,1,1
12969,1,1,1
12970,1,1,1
12971,1,1,1
12972,1,1,1
12973,1,1,1
12974,1,1,1
12975,1,1,1
12976,1,1,1
12977,1,1,1
12978,1,1,1
12979,1,1,1
12980,1,1,1
12981,1,1,1
12982,1,1,1
12983,1,1,1
12984,1,1,1
12985,1,1,1
12986,1,1,1
12987,1,1,1
12988,1,1,1
12989,1,1,1
12990,1,1,1
12991,1,1,1
12992,1,1,1
12993,1,1,1
12994,1,1,1
12995,1,1,1
12996,1,1,1
12997,1,1,1
12998,1,1,1
12999,1,1,1
13000,1,1,1
13001,1,1,1
13002,1,1,1
13003,1,1,1
13004,1,1,1
13005,1,1,1
13006,1,1,1
13007,1,1,1
13008,1,1,1
13009,1,1,1
13010,1,1,1
13011,1,1,1
13012,1,1,1
13013,1,1,1
13014,1,1,1
13015,1,1,1
13016,1,1,1
13017,1,1,1
13018,1,1,1
13019,1,1,1
13020,1,1,1
13021,1,1,1
13022,1,1,1
13023,1,1,1
13024,1,1,1
13025,1,1,1
13026,1,1,1
13027,1,1,1
13028,1,1,1
13029,1,1,1
13030,1,1,1
13031,1,1,1
13032,1,1,1
13033,1,1,1
13034,1,1,1
13035,1,1,1
13036,1,1,1
13037,1,1,1
13038,1,1,1
13039,1,1,1
13040,1,1,1
13041,1,1,1
13042,1,1,1
13043,1,1,1
13044,1,1,1
13045,1,1,1
13046,1,1,1
13047,1,1,1
13048,1,1,1
13049,1,1,1
13050,1,1,1
13051,1,1,1
13052,1,1,1
13053,1,1,1
13054,1,1,1
13055,1,1,1
13056,1,1,1
13057,1,1,1
13058,1,1,1
13059,1,1,1
13060,1,1,1
13061,1,1,1
13062,1,1,1
13063,1,1,1
13064,1,1,1
13065,1,1,1
13066,1,1,1
13067,1,1,1
13068,1,1,1
13069,1,1,1
13070,1,1,1
13071,1,1,1
13072,1,1,1
13073,1,1,1
13074,1,1,1
13075,1,1,1
13076,1,1,1
13077,1,1,1
13078,1,1,1
13079,1,1,1
13080,1,1,1
13081,1,1,1
13082,1,1,1
13083,1,1,1
13084,1,1,1
13085,1,1,1
13086,1,1,1
13087,1,1,1
13088,1,1,1
13089,1,1,1
13090,1,1,1
13091,1,1,1
13092,1,1,1
13093,1,1,1
13094,1,1,1
13095,1,1,1
13096,1,1,1
13097,1,1,1
13098,1,1,1
13099,1,1,1
13100,1,1,1
13101,1,1,1
13102,1,1,1
13103,1,1,1
13104,1,1,1
13105,1,1,1
13106,1,1,1
13107,1,1,1
13108,1,1,1
13109,1,1,1
13110,1,1,1
13111,1,1,1
13112,1,1,1
13113,1,1,1
13114,1,1,1
13115,1,1,1
13116,1,1,1
13117,1,1,1
13118,1,1,1
13119,1,1,1
13120,1,1,1
13121,1,1,1
13122,1,1,1
13123,1,1,1
13124,1,1,1
13125,1,1,1
13126,1,1,1
13127,1,1,1
13128,1,1,1
13129,1,1,1
13130,1,1,1
13131,1,1,1
13132,1,1,1
13133,1,1,1
13134,1,1,1
13135,1,1,1
13136,1,1,1
13137,1,1,1
13138,1,1,1
13139,1,1,1
13140,1,1,1
13141,1,1,1
13142,1,1,1
13143,1,1,1
13144,1,1,1
13145,1,1,1
13146,1,1,1
13147,1,1,1
13148,1,1,1
13149,1,1,1
13150,1,1,1
13151,1,1,1
13152,1,1,1
13153,1,1,1
13154,1,1,1
13155,1,1,1
13156,1,1,1
13157,1,1,1
13158,1,1,1
13159,1,1,1
13160,1,1,1
13161,1,1,1
13162,1,1,1
13163,1,1,1
13164,1,1,1
13165,1,1,1
13166,1,1,1
13167,1,1,1
13168,1,1,1
13169,1,1,1
13170,1,1,1
13171,1,1,1
13172,1,1,1
13173,1,1,1
13174,1,1,1
13175,1,1,1
